price,car,mpg,weight,height,length
17643.93754405248,1.0,37.43730982207036,1817.8668292991495,46.96577528432851,169.10848442979724
23476.64963281688,1.0,34.445658854701676,2325.3317671790855,45.70986393811996,211.4477965978749
8489.29116735159,1.0,31.154373678328355,2444.0958412140067,47.99786069218385,157.6516029856079
16156.425718325772,1.0,34.16332887464982,2022.3889100611354,51.519426108527384,203.57450232494705
15187.454695205806,1.0,41.467824042087486,2248.432205876604,49.730851992732504,205.51224983221445
21235.62299656635,1.0,41.62285405531588,3478.340623441957,45.75029871951067,175.21172871263312
15108.231193367808,1.0,35.868895474285026,2387.7786487323415,48.394916524391746,223.69301726636553
24534.38650879482,1.0,39.343576334497286,2313.7049211675917,50.83394642435127,125.9865045053118
18386.47542211361,1.0,37.12351246494891,3225.814065963623,48.31410112074348,204.69008376622517
16433.44422592017,1.0,36.476396411575294,2799.0004931730455,45.15030240785417,140.10876973768174
13465.462810980018,1.0,31.913149239251563,2261.359484002184,47.06672230794662,232.626531727343
14970.279243549534,1.0,44.0013351277289,2983.49474719973,46.971010730423295,180.13741002004068
17462.171435560827,1.0,35.69094974576106,2079.6942214782175,49.129001959633605,192.60958878505315
21344.521779450322,1.0,43.05595401833398,2981.017823365206,47.13912986729254,221.66254673916282
16927.85941736491,1.0,42.66317738745156,1549.0022203790918,48.1958935087909,182.12232233593429
19615.521236013657,1.0,37.352080293962885,2317.533697850386,47.291692752719456,194.30116966136754
15616.511610625286,1.0,44.94747525563769,2188.0744214136125,50.59962156845414,191.19391832259282
14404.689134383729,1.0,33.56637701431106,1377.8081333202385,46.80405995289765,281.5450064290254
22989.03842151472,1.0,39.57835154313855,2188.6253794372224,48.60902654432984,183.01089473111233
22571.08463028562,1.0,35.15816456190143,2141.9070908636286,48.361904443824244,184.6109882476603
22082.35896387435,1.0,45.59557384826079,2475.5563450576637,49.634530151871246,171.39041443048978
15508.061933897467,1.0,36.11499662068906,1701.1027391790938,51.80566972693138,228.55464329837844
15619.666554826512,1.0,44.10181168449355,1915.029042399195,47.62779182504345,150.91909544487453
12962.598670502157,1.0,39.62497109773702,3090.7662865077136,48.665735268186495,201.7718904465692
23274.88788027711,1.0,38.54488831421054,1766.5021025168335,44.30208285539331,136.76593143185065
21847.729066539152,1.0,39.02444157112605,2694.365139783566,46.95111504802832,200.30676379793192
16239.790517028885,1.0,41.69554988986878,2866.5639158278964,42.68381259885193,209.19250811040928
22346.758365477166,1.0,40.09372649689527,2253.544768013184,48.58986574873115,113.37850076817091
17670.6307807285,1.0,42.29099620423557,1901.4976122588384,50.18653173082458,148.95840738057296
21596.88095338293,1.0,21.498769582138756,2567.260251831485,45.977041503125385,244.94986904502474
16264.03018628287,1.0,26.56318729525581,2271.9518838617487,48.33736800620635,192.84556181567098
20760.405942245317,1.0,32.626465618556395,2466.0284974664232,46.87456939255662,212.34701608735386
21647.82198853052,1.0,33.11820791144387,3414.880508840267,48.81676443864689,126.80605158180033
13261.360324861893,1.0,39.21478981333555,1944.063536378745,47.10373324376294,199.08128794404988
19501.59831852556,1.0,35.067393637220576,2603.4831254264586,49.06629480174422,94.79911734801121
21166.599401194286,1.0,39.702887264631045,2216.5810969719105,50.26029242383924,121.68095958131251
17754.639323629614,1.0,41.1029277349647,3443.0431549668665,49.43725394300202,179.99630428406368
15066.993060648108,1.0,30.325327352635536,2467.563232425082,50.96603325121285,240.38074092231875
16929.64950224812,1.0,39.38651684586732,2772.940174269988,49.03576621385695,192.13561485501893
19057.02904603397,1.0,38.41343897488177,2103.7677894765725,48.04496874391486,159.18452796212057
16450.05607297039,1.0,36.09681032195603,2578.931588321423,45.72428746916415,110.93787569802107
18955.496845643138,1.0,45.091351591114154,2239.9801961842,47.13658756694673,172.76103167339022
13762.573734750362,1.0,43.80714257051739,2579.393290403837,47.10760052884443,185.9531630556945
15362.079903854506,1.0,44.89849060826126,2652.481929262441,45.71716448183138,150.34863674811814
18700.9920050007,1.0,41.461318573570765,1922.7010192302291,48.115240325181354,231.19641088658597
17880.756299964967,1.0,42.781341447083825,1869.7064869649482,49.3856396141959,219.78205977085275
21581.821956267577,1.0,38.42828117704299,2297.3449838517417,46.244030070313514,137.55695183481788
22013.487803406544,1.0,28.46364237976055,2785.367666966066,45.69451016511072,216.90256279077136
16385.89426380214,1.0,43.00084813999869,2591.003622585255,49.89532462470739,196.80448225356443
16227.623675945379,1.0,34.558971099895146,1779.7673143694542,52.1211310099917,226.92943577068823
23419.69827095272,1.0,39.65681250614131,1446.315511072855,49.77166326725519,165.17033580814922
20484.461863980057,1.0,39.41686667803667,2602.086298283882,47.69608632068055,161.02230622316125
14697.312612382162,1.0,36.687507854550915,2862.340275820816,49.811274078297764,165.33159731041331
16283.317925500958,1.0,31.70815226682343,2740.737740270837,46.34106082844179,170.38350051583095
18627.420851654937,1.0,24.614017882680685,2585.550686754663,46.00275414897655,271.334333781514
18568.9719464386,1.0,34.78265019541313,1170.7048794831628,48.43611484619384,170.29459338527448
14066.79941521943,1.0,42.75611423172857,1876.3406385248709,47.19438486157395,114.45089669379105
13283.29144048888,1.0,36.17237687287204,2826.852323844976,49.67844070859345,181.3523315113023
23605.719666195542,1.0,35.3988182791757,2406.7015140193193,48.51352605746477,176.41445403795203
17649.477538929,1.0,35.76711243791315,3047.755291813673,50.023536451246656,219.43768162279008
19023.822371974395,1.0,40.119965341939036,2005.9779771882797,49.81635009926753,159.0203555149582
16799.417021844685,1.0,49.51239424617246,1921.9490285626177,48.901658042275606,167.91573473382948
13680.894025914358,1.0,35.22502051533673,3136.5183884524085,46.163875609474005,188.59305545599182
22861.75844639745,1.0,41.318304335104905,1432.3128249779234,52.51840501807341,182.9298040642185
15479.571205980079,1.0,26.115619512989404,1974.1786243747952,46.51451904312802,226.02308153461746
20031.069602017044,1.0,43.4267996212455,2007.4844774477642,52.03589615709235,194.84657048780292
20893.936492855806,1.0,38.71037519804429,1729.5713560666907,44.11744593197443,186.91733822511765
20422.550185931712,1.0,24.523612455440816,1956.966326213445,46.43255213079694,264.3199090453785
22317.633531583324,1.0,20.84633134235252,2617.096655911027,47.963947859135104,257.6909187654494
17282.925698739113,1.0,34.11526085885831,1977.618966345217,48.69646833375896,191.67434794801898
14203.996504602908,1.0,46.80615481934723,2372.2743734470087,43.54695984392818,190.75135903922143
13603.14455561422,1.0,47.65372313010597,2636.98865779093,47.05012305388254,159.64290025309836
22680.043630404387,1.0,46.75436090490425,1509.391889164639,49.0037102009897,182.09941679750452
18097.407727908674,1.0,36.705341480035,3137.3325430484547,47.26720475856901,126.86561834292895
15863.742120381674,1.0,41.99551909882132,2130.5754807821068,49.61834604574717,143.07221551035093
19879.305671641734,1.0,45.453128795088745,2086.399917536541,45.53115246272873,155.50805069224953
19119.14468815716,1.0,41.03719579110847,2250.535927369625,47.48624246481011,149.35911369052255
19054.98718324271,1.0,29.848601375289537,2833.144135568748,49.3014404115538,244.96258911042867
20640.277188991095,1.0,38.76039486359872,2257.1501498734747,52.23443839555868,188.14231989190898
14041.383524344239,1.0,44.129670472119535,1955.3335598861377,46.05598873226102,150.99622890996943
15038.440081429964,1.0,42.48557687204181,2495.008191533066,49.00676216866881,189.10990655130595
18239.23687846962,1.0,34.32748975555569,2675.67182409471,47.10305050691628,205.85127997739352
19309.091737098934,1.0,37.36651922515925,2370.615279225469,50.21071531828563,201.77768497505045
19422.183999296554,1.0,39.692824464707016,2513.223382989306,51.87156637820863,205.65443324426843
15554.11138261829,1.0,27.368567592589656,2171.9622591148536,50.896628621140216,237.61062077133732
15475.375184943226,1.0,31.98574876585673,1996.148393926127,48.498679331297865,218.16428067671578
16967.287632426785,1.0,33.83641604119558,2813.41625321505,49.66121605546912,175.6978376258915
18841.396593056277,1.0,42.375393099848154,2354.7943299432363,48.824731379497905,187.94887466326693
22389.010467515593,1.0,27.779560253071526,3650.592295026655,50.36778821626787,173.42159850750033
11928.200651890491,1.0,32.71895670918475,2732.8008344094874,46.69879229652415,249.20299163474274
16853.862131539365,1.0,27.519993400079553,1928.1786313194275,47.90146219223686,230.9059019444643
21861.081727767236,1.0,36.66613536387531,2911.716419619812,46.89203742429043,128.2069665373495
21207.14467457207,1.0,26.043894030163283,2468.0199094491345,47.00952643019442,242.40239997237796
17059.0005308428,1.0,42.24791308406386,2900.4762696415337,49.16389287988362,176.5878220736184
18860.57751692132,1.0,37.72257154821896,2960.7491014276,48.299772587506276,169.9121367503359
19305.13525122403,1.0,48.405945475538395,2318.645806237757,50.94615521096023,209.86276723610771
14993.828741793244,1.0,31.494830540893474,2711.3916413766306,47.99708500578096,122.00118125659739
15880.184721724643,1.0,36.975710332622725,2421.6031016805205,44.36937391784604,182.2259375706812
17163.608091608145,1.0,48.20004553277954,1453.1528582187889,50.67565197776934,223.43085718709793
24595.27217965056,1.0,38.47099821691413,2434.5158621843807,46.80851660331924,181.46697986647206
17690.510308274523,1.0,39.584545001105255,2391.8497655565943,46.21867872636186,195.47175582090074
15878.79145958527,1.0,36.69668082329716,2244.6437735887002,47.04859878375299,153.1242099423512
18575.73386090991,1.0,38.226959263160744,2434.384058884889,49.01696793485764,125.42024125240555
20224.009880179678,1.0,38.947882679030094,2952.1925258402257,51.08498731547009,175.4522901657694
12350.166135604566,1.0,42.07052170017873,2889.310074938906,49.75530686063405,130.66747685406577
14379.281490226858,1.0,41.42104181854861,2769.6767999435656,48.796017573523066,195.29383891534619
13321.418681058445,1.0,36.23020953535485,2431.5396847547136,49.214922137413964,311.28279717744573
20051.563262323318,1.0,19.304990819445166,2491.4986830560038,45.09706448168186,228.6951760065648
15011.935924180583,1.0,35.01907485697471,2106.952392277002,46.6125061413155,240.15637926501103
30284.158611054434,1.0,35.493374384582246,1688.2132145967053,45.67131777886249,151.82879871635524
16247.047660662529,1.0,37.271252751056856,2494.9395841180676,48.206664864962015,157.0771614015569
21706.484558714437,1.0,42.98639551280787,1277.760490189835,46.3983990079003,192.3501598942851
19619.448959306974,1.0,39.75349459041341,3150.1422977638176,46.041147995532036,109.81863005994941
24951.169339665015,1.0,33.072584904967144,2532.539416487443,50.30952781676405,154.96306799959348
23079.479668089207,1.0,30.79450318246159,2761.2746077205193,48.40045737232365,254.09108105247302
23764.231672208345,1.0,39.58556371129137,1849.2018119422537,48.253355771705664,183.92382175080087
16981.133499063704,1.0,46.6179009952137,2615.4350071039917,47.98308336059556,163.70141903096624
9948.340360511103,1.0,28.326175699969234,2475.6768597738374,50.100085504157256,252.9805777531646
14736.987279612495,1.0,40.24169646762762,3319.6024153199396,44.96669327932559,164.7874537350762
16844.63580951319,1.0,42.71902204720492,2283.305563942997,51.370341512281406,129.15587403568696
17378.805364456693,1.0,38.891783394169714,1737.4976858462733,49.93614988723973,216.42115711188572
20047.968322895103,1.0,51.17473495443248,1747.849054107926,48.52961069250811,209.0311153627605
20202.442962158002,1.0,36.82100254021925,2465.421722495682,46.15446091441425,216.76431408116866
22972.222903132806,1.0,33.89529137921289,2834.1867016975816,46.71135807332007,172.5226924813784
16608.38454892156,1.0,45.94573707069847,2104.903377790666,49.10261786193593,168.3750904431801
20880.574512693544,1.0,37.690449990319635,2249.435613054731,44.501564459089266,178.391721926481
22618.064525266036,1.0,35.25702204978978,1863.2472059894255,48.84230321953965,196.52428462188715
19007.51620335708,1.0,40.53018342104019,2357.8164355477356,47.680100592226836,217.9681397868004
18356.022356694793,1.0,36.2824875893205,3191.856315424332,48.63633350999343,115.31421261898619
13610.980445879359,1.0,51.01058112864363,2257.2482934903483,46.75318244993104,197.03114013192027
24232.32247849302,1.0,39.386394883231276,1862.3653491780242,46.90937666547209,154.39169193558072
19289.138836697584,1.0,43.14539449239069,2425.329043777296,44.83148476368011,180.49707399914357
14851.000950630605,1.0,43.06511005321997,3181.6947722406794,49.03801995925507,125.05527475432436
22633.829804420428,1.0,22.71907683464694,2568.153694498193,48.33630208211559,241.07092776346605
15595.145589257814,1.0,43.47086592839481,1805.4621593994148,48.845194697115744,178.52449952438005
14939.377587784895,1.0,28.728556730380976,1911.6755381418225,47.71046049149569,233.1881565266739
14533.381415978742,1.0,37.29303309604372,2557.7845506221256,47.21155048027002,227.55758556146014
28116.635534930152,1.0,41.59883343765126,2030.1186809501469,47.25895466214286,220.6648129210911
16672.12951015129,1.0,26.308628398145277,2465.7591085576214,48.165642647713554,225.19451091688614
27534.776343932022,1.0,40.075562611721196,2298.647289097051,49.99065244312742,211.38451224912427
20799.266347232875,1.0,47.057015715468424,1548.8426497306584,51.30459729732025,215.08586321949224
22556.367623670667,1.0,39.755722605102534,2351.7952379384215,45.290911641946714,179.11607569583785
25149.56044721695,1.0,37.76459177268438,1751.9976700421435,46.323554782395476,215.80369976512512
15554.881672604775,1.0,32.38098935006157,3279.69025801563,48.13390211199108,132.9051139896081
17552.720737695206,1.0,41.5121241738097,2165.1971810726836,48.50227785473655,98.73222641387088
16086.820367955115,1.0,21.447548065143078,2503.877994499978,46.30838570328252,230.07453287359579
12734.464168426124,1.0,38.98452099886886,2039.5876166686694,49.903003978041035,116.85973152868844
15588.037045833815,1.0,35.663085731785145,2639.8918893975915,48.40545191097522,199.07037593805805
15352.724498135573,1.0,27.47131751404386,2115.526363893612,50.27957371923342,225.08661794652824
23092.504973238036,1.0,38.21235688582922,2834.3627060660747,44.26952818569087,220.99569066883754
16955.028297206787,1.0,39.687229521097926,3342.658983621513,50.088793764018746,193.0199054602858
15866.298694946634,1.0,27.804438434484453,3076.798574030447,47.21879836279515,193.57579989638413
21271.58589498262,1.0,18.813261868266675,2321.4252942061944,45.6403467072142,282.0036265491088
18279.561651644595,1.0,32.819635176407154,2760.493259315372,43.826387462379266,148.3252573427506
19955.887775136256,1.0,27.027947354400133,1689.2245146425641,49.26411147737013,227.6959430671237
18775.933817790665,1.0,30.90485365296651,2340.4940866296797,44.956741870287175,158.54326987752142
23412.92394937222,1.0,42.519268369107024,1900.544204260827,48.749242796371725,125.53076122562612
11951.68901012415,1.0,37.44531276768355,2908.196176064314,47.632432700928966,137.44205281745835
12882.452764230198,1.0,43.49825018406465,2179.9852845664204,52.97435011094793,182.65752684358762
16885.839722249486,1.0,49.830320244625085,2516.3624986401333,50.217095497678734,210.45794082739846
21157.5850402054,1.0,42.92123006186254,2676.6791207454253,46.78162842126192,141.54068331699483
23425.402021818478,1.0,25.537212491264313,2828.908021343708,47.313879013379946,228.95203944925748
18213.254902522414,1.0,43.70353304172157,2222.8848225526367,48.318520883763185,69.01590182794537
15339.503021895822,1.0,23.43604604524845,1841.0114918063068,44.25596014645995,261.6892655112972
14037.175933030827,1.0,40.993924363537666,2254.6377821840583,45.50974024945725,209.51019914325263
23098.090491332987,1.0,29.79542331647713,1491.5397384188936,47.47424562864786,175.59490366079908
19481.292336909668,1.0,33.53080415610886,2256.6111489874315,47.867713850252386,243.82995150353395
18311.018866071834,1.0,43.12623359879059,1393.3164424355268,46.80641199315609,169.9190163640262
18498.048912353483,1.0,30.57833147309598,2803.518908639914,46.681582415451736,53.705652329057244
25947.07557654872,1.0,21.285676617211077,2662.5835162946196,49.33225628194547,281.93849498483615
16678.452149798966,1.0,39.40644001710906,2213.5540790378045,46.031096191637296,227.39053844962442
21317.774609949473,1.0,39.01218843094592,2257.3546565126817,48.933088006605296,170.91915061284612
14727.966752999428,1.0,44.645888588853055,3130.1599176815907,46.488500081659225,182.18005774841487
18858.668878066437,1.0,30.794651745984737,1586.0633338252965,49.94866098510593,241.05595278165794
16915.002024745612,1.0,38.03352602923889,1875.5795497669878,44.65462340681882,187.1396896783102
15602.578287088892,1.0,35.68076799714737,2681.4274585519606,48.51383080175564,163.9463709883654
18672.44356222398,1.0,38.92551972155433,2155.226025414153,48.04409365396865,136.76157291462576
20090.12420961141,1.0,34.77418284041322,2605.9827801840906,49.869912322110785,120.91460027676405
17965.420893694933,1.0,45.53315372395377,1989.751127908283,47.876663544102016,167.71428843989105
16508.667183506608,1.0,35.46043146395383,3345.1959179431565,46.93517468447108,178.54486843751272
17269.085848662282,1.0,38.05307601725955,2891.3092624244473,48.28893341703488,137.58247496351606
13941.98798018409,1.0,30.4418487427957,2200.4565421454613,46.71708729038692,238.73912431305297
20212.537776671517,1.0,34.85331039993749,3683.69604388462,46.28469292195458,114.09009716155089
23326.09812440681,1.0,39.105833317595284,2588.08619028421,45.26732192026401,143.53434486066004
16926.107079622016,1.0,24.947100925923895,2774.433196192134,47.042354418371694,248.72085731318572
16971.249648936402,1.0,33.90322581929303,1724.9918538263544,50.041150325861494,222.31245746735902
15015.358468225098,1.0,34.182657461518374,3017.580006179538,47.97338385730321,194.60628997622192
18780.39826574068,1.0,41.13848337212113,2355.6196529550457,48.34397542409945,194.23687373862242
21994.15260774193,1.0,36.60937704373937,3474.6483722640596,44.55653649692351,190.76181198217787
15908.041556175662,1.0,40.620402071435976,2315.4970280384964,48.980290358330684,164.51691207999724
16150.925582772024,1.0,23.055819032490824,2810.0415338024254,47.58999159940033,278.23360450644174
22109.84283686294,1.0,35.95281518694841,2357.59093668646,47.868037513386035,142.73625026126942
18440.638550094223,1.0,45.31853064056734,2967.6831678300578,45.013908519830736,218.23518557196036
15580.175593519592,1.0,33.106104810439064,2683.820574694337,46.65092719914808,171.89614751921226
18810.976822197972,1.0,32.93435352683079,1747.3709050417212,48.36547060550144,194.8482383896494
24705.73428178525,1.0,31.806112997041797,2869.544941972165,46.97107848989347,143.96847345651784
19261.255891958044,1.0,41.47956428364781,1695.8344965408628,47.99976653755927,182.3172810454219
25037.801497808305,1.0,23.700340330248125,3166.320468815309,52.684311516242815,280.33615286569596
14871.142304680723,1.0,43.682174568727675,2298.2672845744164,48.05762371156424,200.94183837167614
22160.796813601166,1.0,41.93076463779531,2586.2095939744677,49.08287268412226,184.11132134948883
17847.24283504035,1.0,48.55136913884572,2442.9625661140026,50.531109746825756,167.87472549232706
16341.732267882093,1.0,35.77525687276284,3166.2361631489252,49.53510401240438,210.58292550877803
14714.125492167484,1.0,27.459178212321397,3424.1107593197607,48.81010903134945,250.6579199731904
18375.474377289764,1.0,30.621700836767157,2420.9619348944925,52.843692723903885,189.55727127091944
20981.692594248852,1.0,40.946681742723584,1659.1605041015353,47.96440213151332,140.5173425147779
18314.502537722565,1.0,44.87328812588492,2462.256596430385,48.155955809188896,215.92979498040785
15524.514988828416,1.0,16.7865318171485,3023.1078000921934,46.381053518029475,225.43647396421164
21972.00223804756,1.0,36.57987460197043,2886.719491846487,49.995706363230475,215.4941105584882
22587.53099944842,1.0,37.458389476868305,2290.59343591035,47.42275281701986,205.53118197933932
16663.849479542612,1.0,38.71796904801903,3495.156391689893,47.583753727843046,173.2410617989226
17881.35003362793,1.0,40.203932821767125,2081.832787852955,49.701592986085416,179.89028386533786
14743.082958187651,1.0,35.799371911739215,3390.206335053726,42.577765022137015,204.10953734678571
19025.32185588968,1.0,45.65125928133568,2224.0178860709975,49.65301808558128,170.0405572760659
19329.957662124565,1.0,42.67465342733641,2062.0152193955496,43.7834206822717,145.43363183898344
11742.117655987855,1.0,29.91481799825913,2637.321347816487,46.30163453865002,256.74599922757386
17875.35454662207,1.0,41.06723473829168,2045.2402466199353,45.51067611293514,152.6125041590468
15127.251796144728,1.0,28.81740323817921,2141.477661805852,47.34280239732656,253.15155951894943
13363.262347884316,1.0,40.92276707035322,2543.5600632883243,50.795677448660996,217.74818408131293
20207.649904366623,1.0,41.63744886683801,2432.487787983758,47.774932256068475,143.85296192558027
14051.441690334002,1.0,32.14788723836793,2263.5312331854198,46.483615740015594,216.47871070013693
14334.792816946683,1.0,35.31009039234601,1922.3093613231244,48.631247402557136,176.02432897510673
17837.360413457947,1.0,32.009479300062935,2189.0418409164054,49.25441192485919,165.35037565001025
15990.100796773744,1.0,34.12701485331661,2319.113179889246,48.10426762776133,222.7509605096061
22854.391960867266,1.0,40.96610542932787,3242.773858527316,46.52661842607398,164.04555135002545
15453.718845534813,1.0,44.29897474793533,3000.5783253196582,47.45500196852661,174.09374889380385
16854.980626299308,1.0,41.84183469935152,2621.7645946370194,48.506574490397796,201.33908086105995
20376.348924965732,1.0,37.78232297471146,1734.2718182834744,47.91814225321207,211.22791251043895
14361.21360850028,1.0,25.58674047257964,3082.358734739201,46.531946237158735,279.7104880149775
16501.245084842616,1.0,44.18655870099173,2658.7264311138656,49.63972103677857,158.72249996399688
19809.502265206473,1.0,38.21344989602991,2251.712462411611,48.02649137419726,195.49801191103595
18979.874458620918,1.0,32.94335422397529,2040.0259787905202,41.30659068542124,155.4234057918096
19213.842481752974,1.0,39.761019934469076,2476.614263340219,47.41098709597085,83.94044858953973
25649.823655291013,1.0,46.28897409503022,1915.2291845095099,47.70774857514031,172.59106982176348
15638.297792059757,1.0,27.816533527886875,2820.2297333147203,48.5681816974437,253.9969626636165
18459.728795580628,1.0,33.80851555720989,2465.868910899789,47.34175905068024,127.70170556630634
12586.68600063751,1.0,42.1962270742156,1998.9073443687194,49.631401615385265,168.86799659720356
22117.363842072173,1.0,34.02800563602614,2783.3355126150877,50.9050767953863,183.4585158324894
13476.65816462057,1.0,42.084645626694574,1724.4212558011918,43.541976082906736,164.85666122445187
17945.878301977747,1.0,24.872491367300086,2530.384093904182,47.93926112518151,248.35178009887787
17787.323521795093,1.0,43.664860139563814,1726.3895447295658,51.63993240031899,204.72786507592582
17423.663729454624,1.0,28.594936549620634,1502.0772417260114,46.92407186020198,240.2937618726968
14863.93882808271,1.0,37.72437347927911,2423.6304061071996,51.405426987932216,123.21196341727682
20196.70708485028,1.0,32.54274856873221,2515.0440164500747,50.220508720802044,191.0822592724827
21301.255939794475,1.0,47.125416185477,2890.349952559012,48.84699695887948,140.51581081419098
16981.954596596468,1.0,45.40943815820029,1645.7755757020154,47.49313170302617,117.50651537171447
19401.286421178862,1.0,38.34282571064996,1990.610662456692,48.08791219603306,169.14489820313793
19251.291062077093,1.0,40.72347451360824,1905.1833725011306,48.20647559663688,132.71673610834821
18774.755987070643,1.0,37.293297286189855,2354.50916412202,45.03730128183669,155.92593187956712
27783.60630419092,1.0,39.32889580719362,1826.0832363560075,47.479917616122314,158.26065794952763
18027.90546529789,1.0,41.38051017194476,2619.373194106525,45.19686068190981,222.97181369906463
16323.96551730152,1.0,38.68631654011645,2891.8567673998236,46.076466348048655,170.35424464754774
23044.06838972743,1.0,30.217174743686275,2321.305460144485,49.23760995883195,154.29971718682168
19212.907948921034,1.0,40.11150780374431,2391.2671379755066,50.38511811613569,186.9078395740728
22908.06642923411,1.0,37.32915959925428,2029.8973791651142,45.70549040961527,165.7914225400181
19284.619772181002,1.0,43.574895998791135,2217.028536664994,49.94074151352559,208.68189224349427
11853.92623259002,1.0,38.988064435634016,2007.113368726071,51.71715885881344,179.40697446279754
20842.607902648135,1.0,40.94420105888001,1890.173887281485,45.968087912489295,136.02307082062967
20815.372829653606,1.0,38.99594458294058,2271.1918682389646,51.31523352001212,92.53371504095445
23130.474016189833,1.0,40.18766247949861,2162.345537561019,46.70247450731702,223.03050870289047
23718.03554982924,1.0,31.797722006481667,3025.3890737111205,51.16334334618628,217.1721383324359
24941.334072670175,1.0,40.17086428193888,2786.8920703531317,50.24956332218416,113.32925904808921
18380.762317328157,1.0,35.700447381524555,3173.4932126886406,45.74153119552967,206.28853897658954
18506.87018377951,1.0,44.037880230236745,1952.6982924680256,49.54443755853145,146.19682244680587
16142.793546213807,1.0,33.15942879587169,3086.665427216733,50.777747341442144,151.88945004490682
13162.249152423581,1.0,41.23374770511738,2249.4345612703896,48.57768017274524,195.31763816547038
20001.825345207082,1.0,32.38073812311096,2073.695663453576,49.147685469304385,144.61173685012525
19896.537436486127,1.0,30.713739989355346,2658.8776082809854,50.57983459297002,175.26703718064175
19625.94756888977,1.0,34.88966051200885,2135.209190138031,48.34619207220163,130.83902087450628
16995.892269916247,1.0,38.82047002992975,2212.0962632156957,46.273777019223544,209.66474373946463
14309.44477859042,1.0,24.98816754393237,2625.4619939358613,46.80868589403034,227.42564932982165
13779.613923032504,1.0,38.06576797018415,2274.209512423514,50.8196755067669,194.01072481721744
14130.542124701897,1.0,40.564591203039654,2363.845604953101,45.81859002992643,154.34554285120618
20964.925640970367,1.0,30.532326455385515,2119.1288602851514,45.42770973596474,287.7242262785184
20987.012453464144,1.0,44.096023206480034,1509.8380037438624,49.48578652033951,182.0505938820537
16501.490629243486,1.0,45.299450093211085,1500.958655920574,49.31808534206506,147.6033597353033
19157.05099737293,1.0,27.085508180976618,2567.608494540906,48.57209759231271,231.2483377595923
18605.38594201991,1.0,29.63564920866615,2901.612421476569,52.53856234095942,168.8892944572433
22966.26654637691,1.0,44.666226855431496,2472.4741404751508,48.848623974201566,171.93640043887007
18192.791646288737,1.0,29.396194092835827,2278.728536463068,48.33766622125248,234.23738145066258
23151.81902440037,1.0,38.56225388856814,2939.6626608370852,51.03908812202884,166.71793167124878
19083.65122579162,1.0,25.971197352784,2015.067169861154,48.96281504739183,228.427072360003
22107.624201353065,1.0,25.59261729858056,4071.5926904938406,44.02984988666287,188.08373015802462
19298.97083422103,1.0,42.11567676070139,1806.078312579706,51.95732158889449,177.25437217305375
24903.887762231425,1.0,39.362080149714785,2092.0942729038034,50.0645366071791,206.22736339596997
19153.72194359911,1.0,40.17429788029341,2209.342274691298,49.33564298515513,187.5910286457858
10057.535629560232,1.0,44.56774609938617,1393.0520119752007,46.30866405913983,179.23412191920104
21021.08613992174,1.0,15.994903486174502,3070.296370333528,47.888987152509436,274.4815170611462
18655.457529638974,1.0,32.68676029256138,2291.143513114378,47.08128530564805,203.8451399536479
15358.911844681219,1.0,29.951097550987114,2194.1668488093796,48.459509631993896,271.9757231778423
18523.326222701784,1.0,36.80867409334522,1952.7111255911614,48.61702445487463,228.94650438010606
12571.452933094439,1.0,41.827447473624275,2723.7724969710052,48.22463664891132,181.76356351123616
11885.616044616545,1.0,37.364908636672446,2704.35255196768,47.536546493526444,183.7507157795609
16986.999332309286,1.0,25.499911686084868,2415.997684829856,47.464690280781994,274.026957520468
17871.13502853452,1.0,39.32848656799422,2699.352602496326,48.02878650584755,103.36090257607455
21823.923413203884,1.0,37.92647701283008,3008.554839203699,48.08305875610479,136.99906731582644
16754.50872623982,1.0,47.9437571810843,2892.5102144867788,45.71193525391723,203.16237997964072
24279.403775229835,1.0,33.4293372900289,2386.221667443011,49.601438468098074,142.36358642583866
21246.23831018386,1.0,37.072027752257455,1613.758591255224,44.297133876205116,184.2825763429006
24182.674524236147,1.0,19.224103420602496,1928.1593617558694,50.52592889233265,266.624304153468
17473.679113736678,1.0,40.557285063214394,2223.5823881317283,48.74783742387853,167.08153232918505
22635.590356233213,1.0,45.8234852509986,1993.704981097826,47.25723327298828,154.88391022376283
13541.098403127411,1.0,31.13795308477265,2713.3097185045713,48.044849023418465,229.36600999730285
17283.835721364725,1.0,19.253124182907452,2871.2768345321774,47.79086067388236,234.59258409128932
22405.825732788435,1.0,36.04636078776953,2369.4330762305513,47.676756299626874,154.56084003203432
16474.225114788038,1.0,40.16814361050878,1568.9816198962612,47.07949574414255,170.73092560094835
19184.24508467737,1.0,33.09032286783594,2199.766453234141,45.5568639176647,139.47606014755246
20754.43551203424,1.0,37.46552629030014,2332.2697852034307,47.981530480199396,203.39101503474754
22081.066153668853,1.0,44.855314514603904,2163.742874647989,47.80201759745245,160.27389465443716
15542.173064871768,1.0,35.356199886401264,2657.3231189381354,48.48889783858131,238.41990511692944
18904.128725970964,1.0,34.743238857124105,2486.160461105748,46.273575896430486,206.47451632400697
22563.56751946479,1.0,35.53941567792925,2738.5210374150533,45.15552043765928,216.22691425846975
17961.506197286966,1.0,29.821928943862385,2474.5623874050543,47.70954060519344,271.7324926886967
17612.04032753789,1.0,22.28482842442874,2508.3169430136095,49.32276244113551,282.3455821028888
16649.922300956045,1.0,31.680904007364106,2053.436727535142,47.88014147838429,249.46239232149708
16958.48765220602,1.0,41.54113685396616,1881.5648824898701,49.7674755204832,224.8426982031722
18278.52999748194,1.0,32.134342551042025,2598.801831293305,47.014237508950536,212.32037003850246
16308.4860030745,1.0,37.587063147579656,1071.3022910042857,49.65953235126928,203.58105264570128
12626.229277849645,1.0,37.56559556232533,2792.0118228462807,47.727091250927366,125.21827197279596
15054.435762385981,1.0,33.27462741756086,2498.497666405593,46.873446735953614,206.55905290932995
25650.579158825643,1.0,29.95105709901693,2199.363652397731,48.81521576473906,212.8182280307775
9226.336930812022,1.0,32.4267832761923,1934.0223966951626,48.666762263919566,321.8925920318911
23618.89142527244,1.0,39.778201435635,2347.6624865365393,48.995561781511256,202.15696667905857
21857.13493961962,1.0,35.498714939931105,2316.7281328873423,46.715486186495646,116.1173214818892
24571.095261177303,1.0,38.97570966065925,1840.4658238345428,47.441481941179894,154.91911361907916
17883.482202240884,1.0,40.163747251184205,2408.0381045825284,52.38183768387966,207.64272231130252
19982.830267133213,1.0,33.25672685800101,2522.4027902383637,51.546432949226336,102.17623158886423
17370.89030257542,1.0,29.663674292964004,1906.5439481606088,47.56884862060032,240.66199663583095
18637.369497808017,1.0,27.75969280613677,2157.109677585896,50.72280232969479,268.1718179333819
32289.86210371361,1.0,20.835364704346475,2407.4551839671276,46.610200295974735,231.54785854199397
23486.291866620537,1.0,41.455063380825656,2412.894955041555,48.73532853946371,210.87749797675977
19468.612492240325,1.0,44.62530735746178,2043.9294514696371,47.05019221114018,144.17241393107957
23013.47779417681,1.0,34.12380381947099,1894.3964354885804,49.72645182678377,213.453849874895
12006.799644595869,1.0,43.373556228737904,1935.733297131993,48.938176305438745,200.73946627848687
15592.562325905632,1.0,32.111944384023225,2372.4274774724618,52.47253631464153,228.9237774879307
18843.44962394451,1.0,28.141973181828703,2071.078758797834,46.20621560460677,250.7613229750038
20385.420087156963,1.0,44.55210917303429,2439.7065685102907,43.55123696620817,210.86568731089073
18919.48772007118,1.0,39.15942264282479,2588.7062518453245,51.40370162123551,183.45489454152877
11282.62557411053,1.0,33.827030475191,2062.3567409990633,48.009748996606874,248.8865343976297
18270.05159662777,1.0,32.589453817636056,3361.6621972635457,47.341739727465466,193.73983304342133
23987.55346800265,1.0,39.40732643228481,2169.1005823937217,49.81404196943301,210.21055641874855
20325.214722515924,1.0,42.4711047731525,2366.5717801606047,50.41995423345484,193.31184933519012
19780.37594538254,1.0,33.8697738797473,2395.8392042087125,47.426248256543815,148.3603195223282
14403.259064743495,1.0,25.026444456039204,2172.649852012021,46.849363063622164,242.1510069041845
16938.84362241684,1.0,38.39690740123163,3065.690476495691,46.05668592362812,152.39905959396816
18741.649253652096,1.0,39.38436899588575,2647.0022498435046,50.43509090686715,209.49258998624154
22890.93397883853,1.0,44.58893933977889,2714.1839033226724,46.52427815701813,154.80882276477791
18395.09526039947,1.0,23.43618609075731,2423.999056506921,48.08372446959365,231.86420703672746
15687.562393279006,1.0,38.14565882770262,1906.146468491969,43.52368058602648,169.1917663455747
14991.985229501533,1.0,34.07392666042508,2756.759527616142,46.981004051548595,229.7903092025279
20615.79990598221,1.0,31.440154801659222,2938.854883145107,45.35010587008108,171.5748367825908
22106.320089204666,1.0,47.097008984924564,1950.2013795935306,49.43097049424301,157.1203973550527
28386.47394813832,1.0,30.3206322637595,2803.2155214069057,48.23128786611933,200.74537508668908
18201.467745009948,1.0,22.97895995492726,2767.5306483820286,49.1114336946393,190.49442272301525
9570.823890362948,1.0,34.76323319500682,2652.3807296978016,49.127622215790964,241.1949497431277
15060.17309946305,1.0,42.72709029810533,1966.2246799547938,43.90130355549737,214.22104877560292
19957.264749154252,1.0,30.428588099616995,2414.327493119826,48.415402661803135,176.12444973488886
19812.02382216424,1.0,41.18040364961166,2234.5005629806833,49.057343391167116,155.0740022020031
16532.72539580964,1.0,30.8523515631311,1877.715933553522,46.88544196903338,262.1393427345397
18378.999867258244,1.0,29.878205057937244,2473.1306155407974,46.966376441005686,180.87989202754758
22893.95214122031,1.0,18.589573141743593,2365.3053348498124,51.09688889215905,238.3850010907391
23644.60573225189,1.0,44.170864187509984,2164.077367785972,45.504775697929695,43.963254745070145
17566.087901640058,1.0,32.78100602603037,2845.351023738448,47.29510173568982,194.36224949367585
18243.425813837224,1.0,40.694517485287236,3101.8512490532444,46.98130313550954,163.30283816324487
15834.250285432168,1.0,34.081902758335865,2757.6644254843964,44.317942587971345,295.49678360693537
19982.43140491111,1.0,37.97746607539952,2296.759461884903,48.233396362482026,164.6880821834809
16847.69322505157,1.0,34.360673703526686,2856.113813213352,47.89059704934504,182.84584483209528
10183.624170701327,1.0,49.658876333904345,2570.9383958863377,47.98801427986412,211.32180886018924
17415.26516445782,1.0,25.951253081430174,2635.3051026004673,44.99795388523661,244.22205246824478
12070.37400773255,1.0,29.43504153222642,2055.266734806598,48.760636938266764,234.86973383735614
23742.978410507378,1.0,24.24947396549266,2299.6336373692184,47.78748441506371,230.81426011946814
15555.625860365259,1.0,30.460634785664475,1910.3952408607533,46.32786385329041,200.11045843236326
21029.7347101779,1.0,31.48798719126844,2836.6126407567344,45.48218375373173,220.531456658984
23118.77861886873,1.0,32.80509256621953,2727.626868139122,47.70816547592444,172.62446312541584
16181.654919091066,1.0,23.932035338351874,3199.2498221152227,45.42021475448973,256.51372390767654
21467.699711419602,1.0,46.723102199672425,1643.9436590479704,48.71186414015418,177.2052370850739
22713.23970352964,1.0,48.86685011161822,2308.2231670888723,50.279752337007004,114.30418470336613
18047.970294812436,1.0,50.617160143582865,1599.0576898479487,45.09357104256716,119.80432396849882
14160.664518270494,1.0,36.18860078562788,2771.989784130357,50.826001718578226,192.92744128951534
13703.180844348293,1.0,34.01669310148186,2292.1310825224045,47.65146591309664,188.21017404256443
13712.6266676121,1.0,31.360817148210437,2980.349526536677,52.882529088959814,220.66474127118443
16592.55368441286,1.0,40.90011143168258,1803.021661839761,50.20936640805263,152.23843511686113
17986.362178115513,1.0,38.22754014854888,2597.416469809666,48.346924081313844,174.04775861276528
20514.366308520843,1.0,38.007928325021965,1952.4892544242764,53.114004616206515,179.27086531201286
11063.268992778365,1.0,26.523710274102374,2737.776963928892,44.99860018882924,243.38204978067677
20707.276544526725,1.0,18.423033952715823,3520.0731101386064,49.286075879623795,242.18257634480102
20585.160166804446,1.0,34.74962009668879,2269.620879903331,47.46079845755981,183.36440969939466
18487.750852785655,1.0,48.739976405853,1336.637043283633,47.121922997336306,188.61335078188338
20018.320122730092,1.0,43.57293684908185,1889.2538556711456,50.60847815000729,110.0668564237481
17385.465583275367,1.0,40.98355112433296,2320.971012191856,47.13967520858499,179.6407575811591
19300.790069060044,1.0,29.116053583498278,2591.851296443565,51.17040110000437,244.46748208977263
13949.400263179972,1.0,41.35087153792101,1804.5543532097724,48.3420179893485,187.04724640458983
17073.143104123046,1.0,49.79292977535952,1908.53658126769,48.53052658639737,207.02660276092595
17895.484500400307,1.0,32.93366685474396,2914.952433563232,51.074102352270685,200.19580853061123
22177.77940667827,1.0,45.79884958222533,2031.7732059879431,50.2597139036562,152.36234451503296
18326.27930719338,1.0,37.69141493643656,2349.529513315962,48.644445471491494,210.50598591477808
21707.37618907374,1.0,32.261750477587576,2590.746800623322,46.85337557781167,177.25409281947347
17574.174028245503,1.0,42.8036272357828,2221.6804595383514,45.369703118187665,137.93756272520693
16655.750930491624,1.0,41.63388187388271,1910.7838188994776,46.13052988663526,147.45759747735855
16607.12820150531,1.0,44.26171958839948,2121.375986261647,49.998420675449275,185.121830430576
20221.764936545096,1.0,33.16102359513167,1568.9070164026323,49.224880413873215,204.69631617791055
15567.37422236902,1.0,37.972775744079556,2008.3939760036737,49.10754395933965,162.48947954664564
20753.66053865616,1.0,32.7458300403534,2906.9986417662058,50.592393465423385,147.01482500825864
17984.195154322657,1.0,44.30819540191409,1108.606001122802,51.87069305584668,180.91916949510698
15783.833652249743,1.0,34.304680760758075,2765.8572892753746,51.37141715391852,207.9090080852407
16324.46249605564,1.0,37.747959339750636,3231.22195405777,47.08723800175285,209.86692162301088
21362.047573420037,1.0,26.012539154960105,2909.303311747249,45.65635767082648,232.7010695687273
26002.63195326852,1.0,30.619617895278918,2053.933976715378,49.8021991670905,177.59794327242096
15149.327137165452,1.0,47.46109558367916,1795.7559774278802,46.38112724933067,171.23592642438444
14988.377489351446,1.0,40.35467944509512,2765.0015830810034,43.73239085642712,198.08289540448834
17768.484522038692,1.0,28.954195200160733,2691.2975642387282,48.743351235594425,227.39826126181805
19922.35990223591,1.0,43.585065279991746,2187.2420451546163,48.22217721838732,135.2616456373492
16991.13350989015,1.0,40.519329711626604,2509.3926079272874,43.27061616103209,154.59097674255833
26046.636523075213,1.0,22.642163992568506,2025.1510309965747,47.00290992615567,230.11967062423946
15193.030155033468,1.0,41.682733662074355,2500.008251807519,49.39301466493078,193.48534922780595
11925.384276650355,1.0,32.00963810900647,2604.6515501397657,48.74953611607195,243.86110106113404
23752.765812410627,1.0,35.793130973834394,2712.7688514526626,49.19325848470259,168.77110103957298
17895.19413659105,1.0,42.19504799968381,2553.0927617604125,50.16105687269304,166.93877076053533
15044.25284848584,1.0,44.61161175574749,2252.261144795827,46.345042989178346,200.61492509314598
20729.695406680676,1.0,40.74832181718428,1817.2646219118774,46.82556689755208,167.25531462431016
16619.542699608024,1.0,35.063338284487116,3130.9803809320783,48.74684430873619,166.6401937471206
19084.06275170213,1.0,32.03468474370876,2025.1659675400479,47.4731526312633,122.39140096090496
20694.329004929274,1.0,34.883405045127674,2197.7955867832457,48.4909030320617,218.55353114472638
14872.332224575424,1.0,38.393901954370634,2662.741463495793,52.54599643728717,144.95619593524873
23022.426701661552,1.0,40.37342894664627,3190.8142083729217,51.69403997824412,215.1835902201649
20522.711790209658,1.0,30.652419576282036,2802.8158701106167,44.73041469215339,146.9954106210459
21253.428411037752,1.0,28.296957070813665,1726.22561563832,47.36100077755285,254.79003915410618
24561.10074846502,1.0,44.024988573483874,1750.0566683990064,46.07103538400286,204.23767895004522
15068.120027705963,1.0,38.13206587618134,1680.0235334581032,49.43808469252456,205.84449052109977
18519.93258052895,1.0,42.30191771265342,2663.0780421459112,47.20176083745006,145.18700933251944
11729.28680078442,1.0,27.643037896783643,2047.0860775315082,48.61541000252899,231.50402184032382
18076.209050095113,1.0,32.17239676373858,3599.1845506104382,48.7261633011301,238.962902229119
15849.05894031882,1.0,32.02071192453704,2218.0112079076052,50.63088939435177,181.71311980732392
20260.43420153079,1.0,44.58800675475251,2183.0167107471284,51.08094149362178,223.08731888741576
18787.257609034536,1.0,35.55163700989526,2955.1786975455543,50.57405324962441,221.31297979980616
16182.754388030591,1.0,46.014921375632746,1435.5124530614562,47.73126692456616,149.848799590549
23502.047789402684,1.0,41.07208238586441,2181.6303944876317,49.167019998644626,165.44521692897413
22442.50351596008,1.0,40.32343212106697,2230.7661658180677,49.093527642933,197.45052596700674
18053.400067268514,1.0,27.195135465291987,2127.852555749704,48.1608971142788,185.0118702985784
22812.38598883118,1.0,44.327251969021,2019.6145953310033,46.50669526910691,219.70985821242456
23889.91728378222,1.0,37.37493340188526,2273.6278432769564,44.554481599799104,205.24208666743
9358.803062297608,1.0,31.628041428734836,1390.062104087263,48.94509676976785,252.96118348764395
14717.3668969767,1.0,38.426871524550364,2734.859303386011,47.4310313828171,206.27890544408822
24316.064771937283,1.0,37.5590038711429,2430.805596777485,46.28933843617318,140.63754950423262
17084.96272449712,1.0,38.414545999878094,2205.0315338765777,47.09149150337687,192.05123723775017
15629.329835506953,1.0,21.50185907250478,2108.860166174708,48.500372514154094,258.3290646872944
18933.6690124647,1.0,41.03149702400959,2207.138782999627,47.96050468076502,196.3646138468581
16305.275433136576,1.0,42.73215590678583,2046.2552474517822,46.784385665577645,134.17896714577915
9023.464700317896,1.0,25.273737074875047,2834.3576763636747,50.343441502808375,260.35895687245807
15491.769832408385,1.0,44.35294882251867,2019.8141749967165,45.35039418848444,144.75709665459505
17963.777822002685,1.0,32.141485673020554,2856.156541006165,50.638050556538886,201.83887538506178
13932.472291084516,1.0,45.8239562178643,1961.3163884325522,46.67983673202619,178.35081467612181
11634.082367132542,1.0,37.58267683299167,2308.9190279461927,46.99924440737166,193.76360857530202
16679.137479217683,1.0,39.568293182713624,2643.6808790342698,44.67236298856363,190.10050315060118
23689.956297117526,1.0,36.23958246238067,2524.5970077845823,46.90592228450125,131.12446578612838
18311.67079479868,1.0,33.89112943857465,3279.7058872752204,47.09852393987059,167.8918499628014
19567.397770511365,1.0,31.47214488379634,2668.1842495305345,49.77938459778916,173.63611917498218
16764.940121692765,1.0,46.0593659550043,1045.9444715878408,46.28736069676466,121.72760454702825
17751.645955939744,1.0,36.39312027061372,2729.834815164011,46.81518201961655,114.10492062560726
22365.974412170603,1.0,31.847688335804474,3069.240757397784,49.35291589168882,185.02355022425255
22736.16282603776,1.0,38.29236272474833,2278.7399149838197,49.37885627199711,174.57983071092778
19232.445592076176,1.0,45.45890548933782,1927.1446684043078,46.308623239352166,143.776313969384
21474.331097563747,1.0,41.276443280952,2686.5225009372766,47.29741382646193,163.44941482782295
18668.20677484493,1.0,36.48215245832074,2674.073558103639,48.38401558480676,182.0237814487504
16658.6071739883,1.0,34.67142717323601,2679.783005062874,51.263724496719796,143.5457156755378
25336.27258154708,1.0,44.33541869659433,2197.835315364885,45.74312948006686,198.39029680238494
18645.4247703869,1.0,27.520553764609378,2064.7901645083202,49.30535285583432,223.59762304777678
19720.86512365409,1.0,42.12346662978483,2168.8126766944074,45.633265389427585,151.73849487850816
15552.439219423284,1.0,40.08792366143299,2721.4129666119966,47.55563172203195,169.55543790767962
17875.369746946213,1.0,29.288933473161766,1635.1729223190168,50.23325564034524,183.21424233213477
12142.215177945081,1.0,43.96214572271185,1749.4328248212453,48.407242278701354,164.85946359293658
18044.485980469883,1.0,37.329206080389056,3157.1221927753213,49.145150984172986,188.01968533768823
17971.364400400424,1.0,36.47305067241484,2568.597631150966,50.36202723550715,144.41432422712933
22679.281373885853,1.0,38.00211740895569,1984.0022889281984,48.87364312125573,209.5986327593422
22956.74977895865,1.0,43.41745131716431,2329.35545318419,48.48351639882582,155.69242911583606
18529.30868432606,1.0,25.0930917251839,2365.677171275721,46.89440279787163,258.7043108068825
21592.244704865552,1.0,38.9597838340534,2461.7233768628007,49.28573763187557,157.49692822460742
15053.851937701398,1.0,39.990752375972356,3054.7963065831827,51.436840445123885,176.16630303163987
23806.27801999489,1.0,30.823814195843017,3685.98173989416,46.38217778076683,168.8981766894241
16340.122768123123,1.0,40.82000529151202,1561.7366517931914,48.289627533398594,199.28380684578266
15553.7454489743,1.0,33.72717161683836,3235.271400082832,47.25277944537605,222.85733871174085
14553.873310314977,1.0,40.94054418561235,3135.63158877777,46.82548193912661,195.5272611768755
22719.752407889766,1.0,42.48574843095019,2997.6810663376264,47.8932022325146,211.08990428042105
22212.0589936887,1.0,28.59022398836251,2804.560715888411,46.27309546027032,217.6381334521446
22859.564906967553,1.0,32.6463966088075,1991.4877737261825,50.027655456654195,179.87959985094946
20914.866017384633,1.0,38.836311751753215,1956.4469186540814,49.153650219627856,147.76459352915768
19434.736190308504,1.0,29.880108068571793,3023.0704134335037,47.880034029144035,171.2609790192977
20096.77177739325,1.0,37.65867237969877,2564.219995121992,47.014471018429354,233.7675919055099
20305.986068370534,1.0,32.47644452107778,1889.2419094535337,49.662951602449695,169.7862917467623
20814.792884209644,1.0,38.78105500360523,1726.732393497006,46.54886835060881,151.83027116408815
15006.87594354315,1.0,24.99992394446912,2383.1598467487534,51.702392097181786,239.5588122470513
22654.771650118975,1.0,36.74722834231973,2514.3245478302383,46.252096646436044,152.81588116922325
19256.57339366652,1.0,32.83900533376615,2902.637706410987,48.738452361561365,142.54831222336912
17579.577443365186,1.0,39.217818327731536,2508.539667707017,50.10459039744832,148.43696674821928
20435.092965451036,1.0,50.470243401595226,2121.3909288257437,48.190488538570875,172.88003259363919
16956.94173004609,1.0,35.87475828396869,2842.895357916085,46.982537985534115,141.84400061015515
18424.238631544926,1.0,45.12083650702734,2512.892444095376,45.223922419780116,142.76904194216397
18882.70360005968,1.0,29.446557475793504,1986.0556495379017,50.26811514030865,250.93041172897568
20257.23754895548,1.0,41.2972854283412,2242.492502202823,46.682540236199856,187.8337267858913
12718.428804801038,1.0,44.59818168653451,2814.4006461841004,50.64600754550156,215.63836882204066
17008.272372761443,1.0,36.64180883604267,2878.363002015787,48.30660012027057,200.3559362039721
18772.564649714426,0.0,34.266887531341546,2057.2283312230597,65.08298595991748,258.0196747708754
27214.586257091465,0.0,20.652213341288803,3280.2891131646265,64.46228707278226,184.74167884527048
19273.338334464206,0.0,16.348571651072387,3351.1842108293285,60.186176454611186,229.69466032909102
18405.42013554769,0.0,24.510910564953413,2946.76584030928,65.7651744512508,215.32061878987093
23095.592005078615,0.0,30.154502598221885,2392.554001487907,55.102135478351116,214.94366985126675
21294.470429332534,0.0,21.592458180974234,3023.6581544727883,62.55160196332668,242.25521618021668
22920.995528480835,0.0,26.471251017419558,2286.57235414392,67.06931710155523,212.97855597874292
17718.57290910618,0.0,16.1133197567816,3391.6531522782934,63.93835462611605,241.77086619483333
18263.795902374466,0.0,41.03295653302682,3432.2010260546026,69.14685780059612,204.6741327885176
21259.621417400976,0.0,28.491451014230787,3600.542742094514,70.11484019749275,221.61219753575057
23286.626508236466,0.0,16.757613777671835,2170.5097406926134,58.25627595120823,301.43413347057134
24325.268377965283,0.0,33.769056914592184,2867.9543931173876,73.97444051586164,215.96607610094694
25691.08253938505,0.0,23.860311791769675,3070.1966158411024,70.37067872496151,234.1026890204243
22819.208291824652,0.0,41.21653667419275,2950.479405248134,69.59725651579237,224.8107716461979
21257.673810291646,0.0,29.926162283412214,3481.217309310199,66.4429815162334,166.6179517789938
23559.51393995789,0.0,41.0803261736037,3429.6761477280697,72.56874277274264,170.23863727191338
22258.34394009223,0.0,19.856491150191765,3524.1506108645076,67.815114278675,213.45470021974063
22091.375174253404,0.0,24.55435813485142,2722.7753946781318,65.8553325444159,237.0962661006448
25501.923340512563,0.0,17.056858005467827,2312.105236025952,61.94369026358696,235.06344768995376
22310.310681152536,0.0,23.077545147614984,3316.359529361772,67.35757915218454,165.82119692143914
25793.908210843023,0.0,28.002915233370164,3059.980886126471,68.05474608940928,222.4965665488968
15721.498968840522,0.0,27.298380136083345,2648.3266822983937,67.8577004837645,291.10089531013364
19732.414524457196,0.0,30.701174666057522,3132.0100126434754,65.1544325114633,209.59502977206105
22540.58374211065,0.0,16.154087434522392,3638.518882734464,61.32241433724279,285.98295715928555
20541.14294626354,0.0,42.10617745769228,2811.4049572041267,71.13116480742121,161.39290353495608
26144.318034118172,0.0,29.42255703907311,2531.8638373543204,67.65865297522178,205.94671676578724
18496.809834505602,0.0,36.99149812214082,3389.5800988045794,74.88113141642643,223.58882711573818
22011.98120679016,0.0,31.70259268476499,2648.6967753312792,60.26369507884731,185.16430706767477
18787.42405484409,0.0,29.017302180987418,2387.9226836640973,64.63675531795676,260.5738282935079
26318.08989936026,0.0,33.25782759499724,3050.030908178599,69.28392462765402,183.01292754207253
19168.339520684287,0.0,19.67860116691642,3095.0448326862956,64.70887398435121,259.6978569539403
20178.17856300771,0.0,26.81858127892651,2739.836493143487,65.613750944544,216.0974639061749
21644.513129158135,0.0,27.86443806046142,4091.500319148139,61.22512347976108,171.54663237727306
20505.454439533725,0.0,24.594498894986888,3021.841474202961,68.8900318011144,246.4512486054909
20677.0478898449,0.0,37.127442261103994,2746.283811549473,54.56528361004629,152.4327803244093
14487.349762110185,0.0,24.86873509038162,3331.3178795217605,70.44736858268135,251.56814220444681
21741.973188609554,0.0,27.79434883342112,2020.6712582261976,65.48053093434396,295.8978630059083
22072.05833747864,0.0,37.57635157508355,2333.423961390098,65.12678131215017,194.28372537666877
25635.985641966614,0.0,38.28116568830579,2754.32084980781,62.03737379003667,196.7126254112692
19279.24040153905,0.0,33.34983833209995,2605.475304419981,66.39376194353541,183.63538929497565
23899.24420410632,0.0,23.87812831054877,3390.2993965053674,61.28575140989027,175.23076373114736
19344.932494891826,0.0,34.65762016366908,2564.7549540354917,71.2805556454573,138.9499136473453
19484.46428671916,0.0,43.7528787976869,3011.791419043945,66.41073167212018,204.11918872690003
29069.65432827004,0.0,39.18677398683309,2848.704656596415,73.76234333254048,185.98998316195264
15928.56938415034,0.0,38.40753306525624,1734.7181065546204,70.08878048841594,208.63310392442796
16485.467550187794,0.0,29.544636917168056,2720.6588084483346,63.74317094139148,265.6803764727555
28555.331765741914,0.0,31.630694449120753,3082.4119977938676,61.456790758381146,167.41969268882795
23939.820412518402,0.0,27.633752400906975,2578.2759393545466,66.04263872734711,179.7093181231235
17880.78397028801,0.0,38.81545027302687,2589.235446636708,67.13160646938083,217.04227578125116
25100.501180758292,0.0,26.483982612244468,2701.338501439073,64.21405167849173,266.7685647481188
22799.247974432357,0.0,36.3256608864857,2765.158121963384,71.33705961111178,187.1127765780086
24186.32025325508,0.0,23.201099053024087,2563.9136564594887,66.48973521371563,298.9791225627385
24696.328930770713,0.0,27.117937100837565,2340.6324913439153,73.04155218773239,168.67209108694396
18954.75688229983,0.0,30.50932196135477,2387.928257828351,68.92052430999514,111.50268093377184
24384.46571768006,0.0,28.483785975765645,2617.192510368008,73.65719496746945,175.26849504216415
14926.685045690609,0.0,25.801051522502576,2642.221230066116,59.98314612477668,269.1409321308835
20831.813446592627,0.0,39.23916966227874,2105.1141589779418,75.31696424772669,177.4563847795189
22326.208214451497,0.0,24.824746271593618,2328.1892934013395,58.35910435418742,255.60127064941224
24565.320472733853,0.0,30.36384078563716,2922.9525115947163,55.22597971847697,165.5900456152423
27962.190455553384,0.0,30.712145392181696,2677.0567773239295,58.95324662861864,172.49841842426363
24089.265662590267,0.0,25.90018338462838,2713.995533931795,62.961954698464424,195.54414442553008
19461.275612398353,0.0,25.62396229659497,3314.6246523915997,67.13434387759598,222.1830846155338
22226.573677589426,0.0,27.898043507535164,2448.1130681811737,76.06627278758629,215.79319144201293
23275.54828154558,0.0,25.27629688792558,2335.1829736883947,63.55650874058997,251.40898076799098
21876.455693191878,0.0,37.308858120215426,2807.999552871608,67.00808936847696,179.5898458096451
25211.425967473522,0.0,21.63777463582222,2752.019383151753,66.62342654293353,224.6880249114037
22531.042229412,0.0,27.073675814594505,2432.9009183898174,78.80450235378868,217.63397892956812
28420.496925995616,0.0,25.549352045054555,2736.3349292505,67.31580248170549,189.44440029282467
20646.220484251975,0.0,34.70299880557417,2788.144734391033,59.322633863253536,197.53392866592154
20986.574902033954,0.0,34.97629023242652,2238.876038230033,65.45815238777267,203.39107152449947
21469.473139819576,0.0,26.01141092280719,2370.7736783591836,65.87144308349484,245.76212544772986
20626.506319710876,0.0,33.32051610968402,2234.7387570777014,66.24690373210375,108.8996772580075
18217.874452417193,0.0,36.32675737153235,2404.0185671466047,67.84741744135103,193.4232508076676
21586.19799519541,0.0,31.21301163064103,2405.583448059936,75.32602979365288,121.6527175985554
24677.326112404215,0.0,19.9696967169714,3355.2474831360446,65.6117564177271,214.67521277054465
25703.950781394753,0.0,31.02563018143504,2617.251648193998,69.92960882262223,188.33109617386273
25185.690596697008,0.0,24.185870586703807,4009.245021402149,60.842469256396186,163.4258459111402
17718.722626309864,0.0,39.520262371537264,2104.6055815142026,64.50053974052224,194.8842290142484
20278.446493581676,0.0,36.945785151005055,2443.267586095985,68.89451001764976,187.91701638516997
23258.154099403037,0.0,25.4521619726874,2462.1680057976396,66.53010106273345,216.24383834224554
25041.39644319082,0.0,20.119025818951982,3136.979751510116,72.41685044566997,225.7527232630741
19592.465622536984,0.0,15.497269178053381,3637.3377786272954,76.43315578934323,274.4203465734205
18243.444044142412,0.0,28.407251208641505,3337.4912078811894,70.96677633981422,171.30718114672467
30493.77430589002,0.0,18.287988677657044,2009.7215021998393,71.25309946089247,225.88568287832152
23153.311366493886,0.0,34.50666124116887,2893.67766836059,66.46201939492066,192.7773487797057
14961.293763541393,0.0,26.85558986652123,3276.1675241750654,67.91350275083262,141.69543349294344
23085.369495650444,0.0,25.484670144024264,3235.2520096349294,62.39956314407634,221.90226864665064
26943.272992244205,0.0,33.84517011438101,1885.5170386843552,72.56448570806837,213.50844237877095
28050.392075198077,0.0,25.500255797440346,3213.7348003968227,76.90386328686738,124.5248960261543
16884.12070287166,0.0,38.15980855282677,2843.309445887018,68.64423339780721,152.29758026795807
18578.154176777858,0.0,23.462246611319628,2985.742498942254,57.159298191090244,178.2410025467092
17896.550951854508,0.0,24.358813133399128,2608.0194956466203,65.13938582262409,292.333686929128
21039.455915628925,0.0,20.28017698940097,3584.642212939004,74.0343311665782,160.98057885717878
23052.93785878166,0.0,36.91549508930951,2271.6732958249804,63.97215178471852,178.19705037358452
18330.594850980535,0.0,32.813850930195954,3241.7923949244637,73.04769781351456,141.4313506279074
14971.091427608895,0.0,38.049479173720094,2694.2342409407006,76.09411814111827,228.1174183867779
24810.806851446832,0.0,32.75565359061675,2348.887383215099,65.7149944946321,159.06351335532122
27849.228435323537,0.0,24.740232227688537,3147.9355478706307,70.45835691080967,184.96872892219562
21257.563710447725,0.0,26.757534716637654,3161.3909773585538,62.53803771620304,162.46599802469876
23554.795873072624,0.0,28.138537208614594,3329.6173499182273,58.74441356894874,189.93260481386625
21992.82260848841,0.0,28.243282861547996,3278.795325778898,65.21868777914509,136.75679338049747
22052.1471016481,0.0,17.42255415190781,3152.3240526736586,75.60201412430409,263.70256292823706
22106.46385628084,0.0,33.92091919708096,1749.281712807247,69.27128918808734,214.41938505493923
22409.196616190537,0.0,44.54470460985654,2671.9876509553587,62.20505380455815,160.6518540982723
17588.567497769083,0.0,24.118105019570805,2950.9574808085413,64.3207487659722,226.6948340333196
19552.26902338234,0.0,18.460277814908554,2897.937771646592,68.78665391890988,226.72069592378995
23768.41303122767,0.0,27.80926500337994,2961.5770826170633,67.90470660023165,191.8803573895993
23496.769923993674,0.0,37.825233107845904,2395.7426517800764,67.2459474613176,185.38094598634828
24990.695230898436,0.0,27.69905305781437,3119.7381158457997,61.77515444156522,218.4027276132138
15715.20412689165,0.0,17.552241876992504,3335.5802484846135,73.72165281870433,315.3703668959019
20824.69167628163,0.0,31.531355585850946,2757.8484440449097,71.99132657171145,185.29450125839548
23009.050321070914,0.0,26.989936651364715,2663.866053245358,56.06714306895425,177.4713399060812
23220.451699672492,0.0,23.944668852491603,3150.8459169150024,66.6810474510749,199.6115990722589
19901.54652033186,0.0,21.13888990212767,2357.4127290578326,67.5355850526012,232.92643435995896
25407.929572501,0.0,13.811892520138834,3118.896083388563,63.420483437812905,252.59211886221368
19201.10523747335,0.0,36.55429701867197,3180.862577952901,65.32154733739809,192.67650269978213
27213.95961916896,0.0,34.82740792451477,3197.400795880311,70.09883561004754,175.4277276760546
27142.209624778836,0.0,29.374345993020334,1943.4197554754073,61.83346221842529,189.81234606644463
23400.862702110946,0.0,44.01430200011434,2476.5808947880114,68.23625168820911,157.9935456389627
20537.82818365857,0.0,25.57178622655383,2251.4407007109858,49.71294681247205,235.29236602608742
22559.283622880255,0.0,36.127018376002766,2998.2001283265226,71.60264921211042,144.209060195542
24439.207558941394,0.0,26.667520874032586,2087.3774954761407,64.09681868622258,250.38291268881107
25475.89568325095,0.0,26.492971862587492,2788.3162437726373,72.08123637246968,220.31865090693088
22645.649711620645,0.0,31.90126367900003,3099.824569539136,52.31674622659099,127.68851152444725
25598.419212605222,0.0,31.64067671550252,2438.3325665277293,66.25851879593237,207.88458817623172
17497.05659537836,0.0,29.993194693282447,2474.3816649828163,71.04242960725983,243.6339753809485
22523.242653874222,0.0,29.391729235819884,3004.0783698688206,68.5109273129817,205.93633163821676
21736.859491070667,0.0,26.710091905019365,2974.703105537635,56.65202313135134,196.4656437121561
19325.712048580583,0.0,35.11445062305516,3052.4938913383116,69.07443326154905,208.63214018547478
24147.659355363932,0.0,30.720800605408584,3433.4578632350476,63.69205357625632,177.42386202430842
28637.849857599525,0.0,27.056487979190926,2715.2078668155254,58.48418604236712,217.951336534662
24168.92379856933,0.0,33.91914372883086,3286.3941107576397,73.39566794895124,213.933546091673
20339.07141001642,0.0,23.896831522633388,3219.664061473425,62.30776318990231,245.81762219091183
17067.047477577715,0.0,26.03849628863851,2894.538094582568,64.93345034547978,232.5257501995826
23211.669093105564,0.0,35.259696720589446,2265.958446105695,61.499615952039015,222.3768035546493
22749.37016831826,0.0,15.79492517890279,3061.7272058826843,67.30018917855737,237.92841288302577
22583.118848192324,0.0,37.63111142913844,2706.6858230314724,67.93828024981467,221.34077327563304
20473.996675638722,0.0,30.799853295087267,3452.2917953198144,69.9201119316444,245.46550487741118
15154.381855831429,0.0,22.286207070972143,2898.40827651932,60.33125395072076,299.7477160600489
23429.326149442353,0.0,32.66103159686043,2490.8405253068386,74.02168828879256,191.41527658992553
18853.69823316982,0.0,27.55219796373506,3068.170557765906,63.3524725241275,244.94383336862444
19629.55992319988,0.0,20.426300780192676,2419.0147502631135,68.36420856836901,235.87915923472784
26576.101842179363,0.0,20.565317828769622,3938.5241248744596,72.79792071358004,135.7308217645985
21779.415282294074,0.0,31.15393379641597,2142.985938587989,69.1993120648426,203.33244502343263
29975.032746473018,0.0,18.36436365318938,2560.643232374708,62.60288159850403,220.94126936115526
19281.88028233804,0.0,21.16185311714541,2942.513883125631,66.31672769923716,231.0585433155903
23192.800190211055,0.0,29.057801780940416,2789.606902707174,67.80767802548077,240.45054189789232
19346.182970903392,0.0,36.150274867454655,1978.608601386218,67.32520626876347,224.06938550205177
22200.642678752298,0.0,21.26412753725142,3053.3398301189563,70.39587395041,251.64424713760891
24798.595840355127,0.0,24.41447427641238,2669.1384065727284,66.09404913768874,167.49284728066243
17932.79740161761,0.0,16.538264638707034,3804.3748174361735,68.99121478737956,213.18275402879866
20383.34619660422,0.0,24.775742845179238,2187.522925591021,67.47164891578993,295.0943870435575
22514.97051879527,0.0,23.03552368969774,2304.583228451896,70.00681184075734,175.96926194764004
25738.808218533177,0.0,28.42507677027448,3120.8389714092546,66.74531426889172,182.11253194471794
23057.51916247673,0.0,27.96659610972596,3138.116670181901,62.92326830037057,256.6958776057906
24285.262526431186,0.0,31.880512341966913,3025.340889194279,64.31486990832438,191.47062806897247
15463.677474758639,0.0,27.078040815426714,3298.805697864167,68.90981901429258,231.4751262968384
24718.414597843992,0.0,18.9163066237678,2565.7210180972934,70.42321920356936,230.5070045281368
22344.699071179508,0.0,29.55908807961267,2275.9138674759815,67.81873393125603,179.38938912293824
20341.71157999476,0.0,36.08910885441831,2953.879258353383,69.25862611903042,159.08270012311988
16740.246043956748,0.0,22.607406584929052,2381.9806246359267,73.01961939931161,228.8239897902051
24380.49476607985,0.0,29.947042001586627,2850.6584888209695,66.08523166206312,216.68796848427738
25342.39270722072,0.0,32.925088681349706,2193.859684527552,71.8837974732566,209.51390768257326
16007.627933594633,0.0,33.94334220734845,2850.5739498196854,62.582809205170356,222.15985573003462
27377.543104212185,0.0,24.008088434202477,2936.6209506401215,76.7090113909737,262.2047513619806
21914.701887311327,0.0,38.65876175983816,1914.9829770022316,71.06160848293037,189.06786105636397
16917.00527793497,0.0,27.647504560922233,2421.1904215561335,66.16486545325732,255.10005384823444
22621.292611158537,0.0,20.783296604421714,3265.727093025535,67.8608077873157,167.60489924698567
22266.15467715361,0.0,31.607467192685686,3357.0657384258698,66.14347775359934,223.6990093569041
21725.86179964134,0.0,19.13847421320865,2632.0258500404675,66.09293289675743,228.76857794016306
27554.497618964186,0.0,26.46359075293204,3368.6257455188224,66.91443498837043,204.158760359799
31257.92148477195,0.0,26.37978810009929,3037.2339042335543,65.07342025543217,205.387853925413
23291.899490865246,0.0,35.48024970881644,3369.1296993194696,59.79424607754305,197.01694987014315
25616.931139112374,0.0,40.213359222669624,2690.2215899405005,65.80246844396963,159.3431049490707
26294.289819224086,0.0,31.52248009161583,2381.4176958676567,57.05535664495069,211.51143892420666
26251.560139752997,0.0,35.09056144536921,2275.7519203828842,70.778394596611,210.67951489827428
20299.072764656084,0.0,24.509638945913157,2487.3001868162264,66.49116899050134,211.61542770249068
25683.880304701615,0.0,25.611447641193063,2520.71593339926,60.6684914262784,220.5906253489154
22473.90668855307,0.0,17.202359109111015,3992.0359573500637,67.87052731139542,234.05599490114074
27139.01103059519,0.0,31.90189167836795,2317.9760142164423,68.196686362517,168.0458726559698
22065.20629943801,0.0,22.4471384583816,2918.8169912133985,60.68902252185118,285.6647625316511
23459.97783143756,0.0,32.08801772891046,2559.7665102252117,67.71497942051698,196.12464396999064
23187.10458730782,0.0,27.852383033934256,2327.301564076468,63.01147211659596,136.27044024428557
18019.964070257465,0.0,26.02096661901057,3041.3449191117443,66.14705131143559,251.5663468323496
25844.102176649016,0.0,22.57510034055381,2680.8353849216646,73.51214340348652,200.22994512854729
19614.941944876988,0.0,28.168490909725293,3102.5116466603067,67.47797733600922,170.5518358488352
30661.531467997997,0.0,24.71700900313644,3105.1554898833842,58.65751193582449,205.32640333671364
22013.96492806274,0.0,31.907759098819138,4234.796199417873,59.048471636508346,208.59276080484554
27643.477733749016,0.0,27.924648524372063,1935.106586906891,64.151350679644,215.07039643776528
19874.3050466315,0.0,22.401990675641986,2767.265275446754,68.66215605799351,248.09744097902194
20371.140495431475,0.0,34.43009309085105,2800.2749303190144,72.52003837240981,237.06425870387025
23703.790857489694,0.0,18.6542067738691,3407.2225217918667,60.34411541054903,237.63077975117838
16648.253669133555,0.0,22.759907350561498,2717.0778846256803,66.15379219580778,260.92405270735605
20161.082773432587,0.0,25.51303904603465,3129.15841218247,64.3194617543809,218.50541389893166
22919.455243723874,0.0,43.88241976029207,2244.281266368348,62.5430260631685,181.86235299082412
21040.675780464804,0.0,34.40719666328407,3037.3939719560813,61.36086954876327,159.313022180002
16873.94478519768,0.0,28.545838338635686,1831.4570228252273,64.63845616356429,253.05748131484876
26903.26294754905,0.0,38.18216122198913,2117.9034373124964,67.12781847913588,191.55184316490045
13687.4801119023,0.0,23.218208169800835,2720.954877113284,63.87853152963602,311.23325319046387
26924.898322296198,0.0,28.20608123907251,2618.995397894557,60.05377204898767,213.07848218463167
22968.489374239587,0.0,34.816239162659464,3160.949100502572,62.488047574112954,149.15246596671437
16099.6714714166,0.0,39.44219958317903,3161.311126274018,68.59138061352142,219.00206967393243
20922.898109830916,0.0,30.638648944644903,3325.4591493809594,56.77698425523791,161.07757711614082
16364.67713467303,0.0,32.459679388282716,3174.4526037289097,65.77846511094786,169.7537536738148
21976.293163250466,0.0,27.162616920402424,2036.4868117169153,57.06260095581011,258.9205722341625
24100.601943029193,0.0,21.94827614306595,3765.330419192738,68.7561696067579,197.36800368657666
19600.22601619509,0.0,30.17367941129126,2397.83911135528,69.22019763218975,161.1306468017514
18599.11096191699,0.0,29.873339072659103,2834.49334218937,67.60189426720332,216.48246431678757
23673.067273458906,0.0,32.903135391865305,2197.998337463016,71.26668364963092,156.03938725172364
23641.734033689674,0.0,29.113904715103978,2380.0069667729263,63.502809905248824,231.61486474178884
22233.01897230019,0.0,24.981971885751623,2802.5993723079705,61.98643278458867,225.139999925844
20607.775364546105,0.0,38.00627685049384,2690.139106358405,67.98794579150247,161.48067520841565
18953.814749485013,0.0,31.01803480107803,2842.9818353920864,67.5921948687665,218.193741228157
24459.33992894445,0.0,38.616965414362795,1995.3231211239026,68.76440919669538,199.09389093823475
23857.701753812806,0.0,31.7906400551887,3441.3585683419406,54.44177953450746,210.32021440520057
20311.207044078183,0.0,25.048105101445902,2269.090846505594,61.725358559064816,238.35630718258392
25342.948282622794,0.0,24.977631544493725,3034.3312207240306,66.46671637974006,153.08581371043698
20109.342762946326,0.0,25.423644819798252,2940.8142602342637,71.84943707749758,249.67891672481687
14412.8440117383,0.0,19.942807246103072,2562.1536658513432,58.20002901114392,232.30817403321498
19104.379668674148,0.0,22.648034361871193,4146.5687257247755,67.64864422337922,258.15423811563994
26818.170763853956,0.0,34.53812644738804,2644.625728217679,71.89676301566315,173.18955379440888
15715.165709611323,0.0,37.34389120289376,2620.6703599114408,56.66739841106381,176.6970951350053
20900.519529789963,0.0,16.970935832294806,2964.0065243452514,63.75955617264013,249.26629780112182
14940.702706861319,0.0,28.07498895568259,3420.534639027387,64.7578795484362,222.36791664533013
28188.01638190624,0.0,29.65298220809895,2620.5684480350797,59.133670117841014,206.97684908876664
25013.086837027597,0.0,24.26814207674112,2359.3560134535264,69.61992858212211,214.96261105467394
17199.377982935544,0.0,28.559144384116358,3234.3168950392005,63.12478017010157,145.7178360871118
20774.683134075076,0.0,27.744956056484234,2170.964847969475,69.20233237974622,199.95908387919326
18670.489987549085,0.0,18.309321773648875,2595.9268618039937,76.51237417321164,231.35592199551448
18747.94184037349,0.0,24.152983876002654,3588.5342532960403,64.52520218893903,232.77413553504567
25814.204202531193,0.0,16.31222566301569,2440.8542249163183,64.2141118889523,244.773935962616
22234.570464419234,0.0,23.458880935353985,2834.317483064259,61.9710519147314,286.6292836088446
18118.7524054853,0.0,14.861085997946203,3702.971556996861,76.18280888203937,292.95421456735744
25303.307108181103,0.0,32.81143975791048,1913.8097771398755,66.78297974994496,136.12500912686886
19520.3813544339,0.0,37.083050761032126,2732.288186302775,64.02926003121883,115.53750804112644
18879.40461077945,0.0,39.07623129859118,2596.6181513434885,65.30073259088907,133.80986347194192
22757.15707847013,0.0,40.16820115106601,2245.260640469679,60.108548098729955,194.6571559200878
25256.062620017805,0.0,14.84542237688835,3419.1923507684473,68.47263009030402,226.3777404003307
22619.46718480873,0.0,38.422210412083764,2823.92998137917,59.53759796219556,121.8112367570423
22979.32529990062,0.0,27.40868208022724,3274.239282554476,69.85835839787694,189.17311614593956
26725.030674690042,0.0,10.989258022684384,2911.40854820615,60.79128846618501,265.47934438324876
16805.925599246948,0.0,31.92807727152297,1825.404864720359,64.78691577421925,224.50901783943655
19119.078686117966,0.0,25.835422661252203,2475.102685932786,64.52259646329222,238.5195988634575
19420.813526086902,0.0,29.489835613996554,3222.0978007690305,69.47069366107257,188.29550695085786
19938.0941523185,0.0,25.621621599958015,3730.969780585642,75.06352596127067,253.0805323485243
26847.021075523317,0.0,19.620282161205672,2634.399610916056,65.6476852697961,231.06492738324798
25706.469504931683,0.0,23.801345221156858,3160.948903867759,70.29743912767,266.3688608346823
21646.19701685309,0.0,28.54359954066166,3130.3479625939062,65.20460633020309,203.42280272269505
21533.1611103351,0.0,42.21710504755585,2382.7009764264617,58.657397817628734,218.68231984847944
23941.24656674469,0.0,23.171431824428364,3382.78421297202,77.32550312339158,223.21238480578796
22266.035170249357,0.0,32.24564779690939,3170.339614817857,65.32444302725136,208.04161996856678
22782.05849650761,0.0,29.361073807646463,1826.1172189825872,73.02204756665846,245.49253061929048
26929.22016807842,0.0,23.856908906173082,2954.610900998236,66.40906657836761,198.70390710683785
20146.234188613984,0.0,24.15040391142887,2854.6661577373,72.28359956467501,178.0400085015179
22695.855276662667,0.0,31.13683799238884,2393.5981939826506,70.27739289544829,199.289962448428
19880.533258641426,0.0,40.10714491724021,2148.126870973489,65.46629620136349,156.03240241622692
21337.101698928258,0.0,28.752218462558865,3271.0895799960217,65.37685629557754,229.28279233772474
27192.831815399957,0.0,35.698585792666975,2577.196487239609,66.62611888337203,211.53945927342707
21206.39799607543,0.0,29.014276110314363,2281.0534428353985,67.18785370457205,197.60647513302482
23623.923131077154,0.0,29.31005893325429,3359.7589914097516,55.65341112401946,124.74009449517698
25419.120114784528,0.0,26.875012064542055,2836.513087583745,71.29583353843549,136.28246309889477
23265.819068465593,0.0,38.1880848227337,2851.4523451360087,68.7664295520594,207.2778051425226
18422.92360313538,0.0,44.036200186012096,2473.0858813307277,61.75119757861759,156.30993660395387
26589.238478101255,0.0,28.087229652701694,2205.370224598996,66.33784051392806,241.08112672936875
23667.13605204434,0.0,32.9827900382417,3309.6095182786175,67.24756433568,106.15399262654779
19588.835581892567,0.0,36.765720465328215,1849.9852524075006,62.53565288960944,216.57406775785245
25429.630407473986,0.0,26.38383271458813,1783.6025895972887,54.909421211753454,204.87755022903266
23129.46768331873,0.0,19.170808166711318,3186.8543235397638,64.00579513301327,186.71845837027723
20345.766885504556,0.0,28.207756693451472,3061.573465985325,74.5377345636754,182.51390666792446
21851.332963688055,0.0,25.648701968204332,3108.931051073733,64.6082513767644,238.7745037682554
20928.134952506407,0.0,18.381184430215225,3293.9197752302066,71.90431794218878,240.90706513452915
18997.293434006122,0.0,15.922224760225857,3648.453011095027,64.11730052352472,260.1904287890068
21767.444314767472,0.0,29.723035739817263,2669.6669590887564,61.699779770873384,231.75709250488453
21074.685528538368,0.0,39.97447927340148,2763.8012142049342,71.13010272689952,170.95409730382784
25038.60862646795,0.0,30.004290319753395,2788.2918506692354,61.59424005501683,247.05175349615857
25473.87379808898,0.0,19.38715707511215,2531.343337975464,58.06382662501121,293.77776597279393
20613.771219806476,0.0,25.991010841446574,2587.0302757294453,62.24997197360772,171.349424832017
23541.998330894836,0.0,28.782826332155913,2182.1321474704064,66.76965295807992,277.03780108101205
21248.261718330443,0.0,21.094347662229325,1935.398446984727,65.27512860172638,226.53526667675186
21076.591645047563,0.0,22.088893511319405,3160.9237807161753,61.01184636484342,140.3021673987709
19544.475661832403,0.0,27.232372530397022,2023.123241016833,64.73380913152155,208.20703700139097
19917.63640275509,0.0,42.483232897129554,1864.0004292588642,55.82168643789504,214.83788446510576
16886.367984020806,0.0,16.093891834035862,3372.968097561973,63.95013486676925,291.5236952082622
24132.16479474285,0.0,37.502083086209076,2831.0585468797676,64.04466993148722,216.488113383568
22868.51735208919,0.0,29.63306139099418,2580.986126003172,65.6103511796353,197.55036348261746
18512.97374522508,0.0,27.242122115657843,3867.0836157668864,64.22604990906999,216.37532841748953
19623.14544999384,0.0,29.17592800999826,3201.7791312001823,66.14800840106881,188.3768735691318
20315.18735075075,0.0,24.64358822924141,2581.3729319709896,70.35409444382014,197.94328400208101
19222.88706364999,0.0,19.142465771668967,3581.3381483565545,63.83177369180633,211.79037500053897
21423.840757397837,0.0,28.378551815397387,3219.5779907004217,65.45328129967618,196.75396826011263
20533.167426620374,0.0,38.10445514114451,3995.7160348564703,56.753746920141296,202.33981636716894
22398.241953830046,0.0,34.24525295029804,2779.314035984143,58.17806950021741,182.94002982185626
20441.229791982765,0.0,35.4702681753063,2632.8393877988233,65.7562463631546,198.08731866097315
24541.896569597768,0.0,25.377752587083307,3535.2969143147243,73.20118510511293,194.60787021031115
21655.20301939033,0.0,25.994061572303668,2734.136937411972,64.95057536701665,267.47642132555256
20985.86365260927,0.0,20.26090678437636,3040.819459604086,68.97025268863095,245.57261358697815
24506.009283205934,0.0,19.533739690992398,2929.763000104792,69.14549670662825,196.51576081215345
18413.513114530095,0.0,19.148763708794775,4281.66638484053,66.50528946180057,269.72330864253877
22765.321080010228,0.0,36.7506736075017,2385.0470553394775,73.95075343839454,195.9735363552707
20563.264141867672,0.0,30.62883989504961,2383.70695777056,70.16268035110461,214.8018773981538
26746.97401571816,0.0,23.400863853146507,1817.1629912637686,54.25024132168771,244.45413812027698
20165.90295400085,0.0,38.94976491766195,2543.4184884917386,66.40364147436118,153.14366156335845
20058.564034732375,0.0,14.915726002761264,2962.0550591249475,79.6139869836858,226.49849470071985
16346.427267299283,0.0,23.606788357513135,2804.5668038024814,66.72950741322101,232.68514640477127
21821.995289577004,0.0,40.89689303902803,2406.441007073278,66.39279158754817,199.710723520223
20515.77431093929,0.0,16.626562937915942,2588.39557971769,68.20672444039546,235.45039927952394
27648.284229491317,0.0,26.170110825696497,3036.2590608028927,63.96794515044171,214.25917884013757
25108.74322790725,0.0,24.047785938843205,2464.2580764707377,62.91411515866667,201.43122464380528
20219.92881942286,0.0,18.76417715674963,3998.9720100413306,64.52387393002412,229.0458207447533
18842.44648836986,0.0,33.23612300536173,3401.3122287116885,63.94528534321681,168.33280796830607
20002.12481846607,0.0,28.333928351184312,3069.169935082994,60.65678662112586,149.0834847040248
21165.274465121976,0.0,34.11517423212973,2734.3284861845996,68.00935091750698,142.82444213798522
18567.458787448784,0.0,18.74680813588841,2493.756683698186,73.99488266847816,264.7346034983532
12549.689424046788,0.0,23.198606308905052,3221.589068532568,62.522793680210306,254.5717076321789
22642.641695623708,0.0,21.93298677721738,3737.158468702629,69.54502179321348,288.98831811186454
25172.345795358302,0.0,36.863321826845294,1422.11828786141,67.39146128418966,210.53890968085113
21410.835458401696,0.0,25.71464305014286,3235.746871120422,75.20519382769344,214.23998737473667
25899.14081687952,0.0,28.09099554538411,2268.7989008627546,69.47394034050573,183.61787783306883
24478.950239741465,0.0,18.44899802144374,1951.0802449536363,63.982694021966616,236.1442959476416
22614.547082726363,0.0,19.759269310099565,2428.8759507078043,66.27813823512474,307.52188851583617
19683.037029213916,0.0,29.955349579611713,3422.0986199268164,68.72382510715589,190.2001019516359
22582.877845021012,0.0,21.887486708032114,2695.7666420982014,62.874726010525386,243.07833884257062
24457.0162390627,0.0,22.157252561111985,2344.162670273974,62.96106406941521,294.0996113818535
24697.41950094058,0.0,23.67155907002246,2570.6735161650768,65.81422259409109,224.4640015406698
16381.165407298602,0.0,24.354002234002927,3333.7830562992795,64.26579333882397,246.83660623300213
27974.450254922845,0.0,26.0115534253387,2523.440815328957,61.45629007803674,211.50679536385678
24607.880671510367,0.0,28.321558350055884,2876.68248036757,68.28155967597965,275.2689236343067
26093.220037011568,0.0,29.230829124515758,2805.2942533714104,69.39334480999383,204.39502603989357
20560.295911887704,0.0,40.57622111439149,2969.560115265107,76.14502295473977,127.94011396238415
23387.675909134738,0.0,25.610671745314626,2823.5767037396986,70.5965987917794,146.01336993631708
24700.34684334903,0.0,33.85200040601943,1924.2034446169969,70.33078459057101,166.56252615638192
22066.260298044803,0.0,35.227774409997735,2761.5905836680367,61.890838129536064,206.2385964740872
17493.589267763753,0.0,18.96717464359638,2322.7002498532715,67.40953881592019,250.76007392369777
17166.26598979904,0.0,29.656319716090568,2029.4196519708062,69.77961807488438,228.29877942529964
24577.9757932772,0.0,37.46543112942158,2449.313369676016,61.710754285257394,175.5351216835723
21025.69273522749,0.0,47.335125683411704,1658.5002168969495,68.02571507315842,187.33351640712485
26199.46075871642,0.0,25.56590782975003,3055.976995293027,67.90147426710398,270.0587375859466
19203.472544881282,0.0,22.187260348653293,2948.827865212785,70.48224157372516,237.70251246085786
23850.969376853365,0.0,33.680303946493815,2446.9062225117564,65.71931865753558,176.33249304828593
18638.80380857,0.0,16.284863705537717,3518.333639150607,50.3700977335771,236.25623549743466
22883.78364069445,0.0,16.55914980501933,3802.147923242909,58.498602097686195,311.2191324079629
20311.790131822323,0.0,14.760754774405692,1860.2274991433871,69.26570948272256,228.10731982398104
21390.058591369303,0.0,27.674062341109888,3005.974844384038,70.07024326172098,210.85566574809422
18220.523398923768,0.0,29.52414167972555,2668.681025306773,70.32218735820778,180.58758706356488
25951.45785785573,0.0,30.385985969021437,1986.5465746573227,61.66327187424345,145.88080422656577
17118.99709139822,0.0,17.624349938461165,3057.1591198615124,67.95021630492778,254.61439865444297
22172.79331671663,0.0,16.92851365767931,3295.907397575584,64.73843703387033,240.25349425781903
24357.46246520288,0.0,23.150851080319935,3331.5194054195267,66.42478976480628,195.5739192706281
18031.3297930609,0.0,23.771001910950332,3109.4420513729356,61.311307236116406,236.53243892705765
28169.001997019986,0.0,21.231217840956585,2528.2217736017606,60.006641785176456,261.80965770651954
21546.763079237156,0.0,22.22292658854427,2157.1936365580827,62.24411134745163,254.9644199052645
21123.847001385115,0.0,30.780545087755975,2673.16218276346,67.30428245406125,213.16298373533007
23101.248416195158,0.0,20.36800302567609,3012.326626489498,70.75675320604695,260.7655871268811
21698.270440701803,0.0,35.77671437596001,2497.5294427826034,70.1975026104017,192.1672564222004
16185.808617314275,0.0,33.54732102299731,1848.3623292071154,64.75653240656484,210.24676528059692
22163.529615480107,0.0,22.377516396248303,2374.937341518628,57.96356463954753,229.82748891091893
28794.22142413797,0.0,26.9656444953027,1473.137560475794,63.22549064948855,155.1839435560767
18982.24211973896,0.0,29.399496080452337,3076.1063981501275,63.56400896387479,198.25419008353128
26738.977986069192,0.0,36.21778226319862,2436.215707615887,74.66733773566894,212.67026480783264
17133.88977106635,0.0,34.95659540976109,2239.5645855849243,72.14969895714411,193.12665937150734
18497.339951294452,0.0,36.84667141728879,3335.8892266240155,55.894707484633685,203.85449491556625
21250.64577259931,0.0,34.074950648793155,2701.734905646733,63.76917081696986,217.12844895636908
16661.96513470794,0.0,24.497151131575137,3480.0395123142744,62.07879406678965,238.63556814554556
18403.9368156513,0.0,25.57203966402767,2340.401690189718,66.73321471097073,150.52857064570125
27240.060790194457,0.0,30.718026949260587,2731.034738357253,72.09944045848565,194.39300703186376
17412.20693903945,0.0,24.82115984990824,2798.1981894859664,61.75401200815949,219.50899238568462
24166.792509257237,0.0,28.164224970966213,1947.0051559579633,66.73429262715881,167.66961972089936
23800.210568887956,0.0,29.769724328580672,3228.281450383804,56.544523327576066,174.64613362860263
23774.655882276427,0.0,17.56029628586153,2750.7215578465252,69.33386889359063,243.98575104732714
18645.480381881476,0.0,32.63684421997087,2718.060566254001,60.987195836337776,152.5041534423367
18828.029730993618,0.0,25.31469586105879,3354.263427598728,62.898302224308935,313.9676082592878
19866.35533763005,0.0,30.058482377107346,3586.856816008446,57.379074721759224,155.76238882743112
19217.049663209444,0.0,43.43320507265428,3369.396913197014,59.94806337004503,159.55111417235238
18831.59953120705,0.0,24.49289937796334,2447.57939998075,67.2749138759589,263.90025861660456
22806.357678835848,0.0,30.66666930963873,2456.8273302784605,56.95998287583076,216.62582279395048
23180.896141667487,0.0,21.69185902558866,3732.5875888178252,65.46814114117697,256.6769318091084
22922.238127556102,0.0,24.874476567151085,2687.949565389987,68.71523987038681,220.08300295043634
28240.68762242704,0.0,18.92713950791844,2823.548199787802,63.92376658538578,236.05097974977957
24870.23700703833,0.0,24.391226581473013,3215.970258354374,65.81606276801429,196.36707653617216
16564.997977086663,0.0,25.597472369074293,3610.5482131538474,72.67510910728888,243.15244193201704
16637.629916981306,0.0,27.77881816677941,2667.887406332275,59.538766357548084,253.67999002320846
21298.18080009871,0.0,30.076308885005375,2699.219360288509,64.0472764303078,222.61014041716703
19055.384635460312,0.0,27.11772339307307,3468.248628533407,65.8922214770927,225.21857054412476
15657.78115165496,0.0,30.091921083775308,2416.1971836474713,68.17620544587594,230.45616881198998
19769.24628087072,0.0,28.579594911329036,1860.78299124064,66.49282810808626,241.24212529815685
23653.51974139732,0.0,32.49433280617073,2581.4319792783085,57.231357055596064,126.10697549810527
23400.389225771636,0.0,27.36235371318743,3290.0011942858546,62.77893918405258,236.10864162909922
23201.17583741232,0.0,30.539200948146547,3212.837380888952,63.15857920973616,176.3305846465168
21505.045810748597,0.0,30.942168795413078,3065.2709037930076,61.84681196516942,209.22527630865758
21316.231831137407,0.0,19.535160902636353,3620.444626499213,60.097491290424095,245.16038267050612
23268.56906571795,0.0,31.60818906630698,1955.9739396586751,62.81240249403396,162.71865240402985
23389.953791828568,0.0,34.11433022328903,2398.0832208149577,65.27746475802898,195.4574588536896
17093.848592252303,0.0,23.390287866008972,2924.0406328836816,68.18424606662465,251.2037446706682
21911.21625255749,0.0,26.326420441094236,2838.540846910198,64.74573507355082,167.98194239606153
23672.926737056285,0.0,31.941763508608798,2591.3308961318,56.24810112422157,196.55297591086358
19725.95158479465,0.0,36.05681329586976,2380.6992351536774,60.214021506096664,186.00701974165617
19494.968605486793,0.0,25.843073634506993,2856.5657074706933,59.63112012898843,210.24442383669415
26416.230057124118,0.0,30.569255008243008,2582.6475867193253,56.0654847830858,179.4564676697271
17680.985079979426,0.0,23.233823757151963,3728.5300511582545,63.7837802159184,235.06545140279326
15128.199168569103,0.0,33.27846181384147,2942.4999295058133,65.1515109340484,184.33572567400194
23796.077832706636,0.0,20.473293969974353,3352.819608667129,59.92863422614241,236.28815784453252
26247.945906973622,0.0,26.7538808224073,2988.5210235151194,65.0483810836045,165.40092629230912
20807.56535053997,0.0,29.4926372812049,2845.4826852282854,57.05614169767084,173.25391260148672
24853.71557794199,0.0,31.67882078995596,2762.587824336721,61.369642453068174,158.02647169535385
25908.950112107297,0.0,28.212268875723588,2694.407875925054,66.37629614489332,197.4177593432219
30972.092383731102,0.0,26.151401905964388,2293.7373559240223,66.64504864083345,199.23654284923026
25183.984696545427,0.0,35.18384441921167,2831.51290570562,72.30454287272613,177.396539199463
26326.884405597666,0.0,31.047646358504764,1705.6874781326983,65.96413036457628,212.29612012479555
26551.155836291753,0.0,16.663140277443002,3136.058386995704,59.46233934099618,258.1144012036771
25882.440396881095,0.0,37.26591012407259,2652.0860731992802,70.26523020140094,207.35839594898678
21473.09858466116,0.0,25.764743247911174,2776.2610946225,59.37420816971223,168.00854202563062
18625.853384884587,0.0,41.65260072751175,2539.5012822398216,66.96236787143218,182.75588710602335
15064.497242362317,0.0,29.368417481136397,2940.0083113463543,78.99309898479392,241.84487314429518
19098.125181861935,0.0,34.81168861531103,2339.6913683698936,68.5236599229669,215.91410582080297
25077.97084694416,0.0,24.499032910224894,1058.233304712996,68.33181721855469,232.0281287883591
21047.26915440551,0.0,34.61066911967521,3098.603290302316,62.42881974508201,208.52751454550466
22115.271971343638,0.0,35.30792255258707,2534.131667849341,63.487111301256235,185.05682441743895
18938.42940961299,0.0,31.214285659295243,1827.191410109424,64.56194526055125,222.90625936461328
23448.50691348416,0.0,21.620427512617177,3129.7950521699877,69.6454040021767,235.40153404558689
26808.403681081636,0.0,19.919261444750177,2874.719143406053,62.69155453221915,175.5160842213944
22913.244453276624,0.0,19.962905193126563,2921.6492620192594,68.51355356378455,248.13658911318078
19042.04123174311,0.0,27.12909645909427,3194.816066803739,69.31018263333333,211.6084161517192
16494.269876235783,0.0,36.09057426799991,2876.312776141573,59.13882589833152,199.7431439139894
21138.719606551833,0.0,24.864148866649042,3061.1268059840613,67.7550568137691,232.92975451209435
23019.418346593844,0.0,33.92609955430576,2357.5820614129207,66.39407767678229,156.80026086060764
19766.026815843394,0.0,22.29391479391075,3022.233912401996,70.69804941763695,252.7403379151195
18811.192792634272,0.0,35.29935563120449,1684.605675780368,67.37667637284615,185.23545535431657
20928.948420525932,0.0,33.18049521272077,3132.6280879117744,65.89304885855219,136.5971154903258
18487.94333810569,0.0,29.216567575387856,3101.9021567849823,66.89684468589374,182.66127426407667
26609.30248991077,0.0,11.054754203889464,2723.2731572126154,65.39353885852245,238.85974271995903
20751.608532498794,0.0,27.148357586480245,3447.011950614589,67.15146029386501,224.6349543325679
22919.6808677918,0.0,21.470177867763862,2026.7144120170794,66.26483086460506,259.6551760662487
27649.768866021463,0.0,31.400316896023014,3340.3459516680105,77.78315399010357,214.4074715273109
22429.88264796101,0.0,26.285954400983048,2491.4127772293973,58.97808507958841,261.07393966780404
19928.342384407635,0.0,29.030505319792375,1932.6635967318903,58.101148576924885,247.19850528542113
21080.9844485494,0.0,16.080772952363088,3126.54247736773,70.664481388017,290.7736216885351
25701.698050896317,0.0,27.634671690080623,2176.0073367832856,61.0177275117214,272.35203012247746
19547.16917633989,0.0,29.092702029256422,2897.4065236986935,71.16984739238448,183.56686634767945
18037.565973170425,0.0,29.84342158048194,4013.519053447816,61.97589490087407,213.72630306430096
21506.26950051908,0.0,30.983284854778816,3355.1206831613163,73.2422015680684,152.20248528162358
24033.4964046188,0.0,29.384436423990717,3169.3434288563194,70.510061838978,201.95296981957065
25135.897927707767,0.0,25.806836321227188,3187.6414783923647,76.06651116766828,170.4292925037308
22205.04360547331,0.0,21.79220267209906,2415.12565225653,68.696360257895,227.96324636140588
21980.488110151648,0.0,38.19777138389574,1979.1305483076248,54.47437501226887,176.8260546824095
19332.44624450256,0.0,17.914301270793548,1836.4113699940258,62.764662413880586,292.3814912143861
20319.8683212853,0.0,32.55027462147258,1828.4489115437686,67.57792988287608,228.350550532098
20334.044802367906,0.0,21.012632070585827,2440.716892636238,62.91033441368284,246.70829764946615
22125.08244295198,0.0,22.1191186693271,3764.665520733939,61.344685239533874,189.3963210936241
24121.315054839193,0.0,31.731199531919273,2698.380520988452,59.81296629277277,185.3091345136595
18760.93456467113,0.0,33.621909425218966,1422.235391974693,60.51937938352537,125.6953591754255
25073.304004878613,0.0,23.081872352307936,3059.774331670085,67.2361911132983,269.30621851074227
20266.55444067389,0.0,30.4422501090671,3501.1137743886934,66.21134587414421,195.86354988727754
24318.97429444877,0.0,32.70841712388136,2401.80308587512,61.92394944744188,137.97752501824
23006.546057761858,0.0,29.012546233059773,2615.9020522458645,74.1842425227723,150.5305537483042
14364.955738895711,0.0,14.400905110563782,3270.8997900571767,67.67796775384281,235.96802011626056
19324.39115922608,0.0,27.742072174418173,2372.014529707185,67.89677901027125,198.1681488397915
20481.798945667968,0.0,24.26984050106042,2053.04462748337,68.51371958384738,235.67627296378316
17801.708804569003,0.0,27.32488047659439,2347.3907653893307,69.14497444961654,250.73664988831956
26821.477919304794,0.0,34.58738815333187,3015.783580522777,70.51826519363894,219.75899491561987
19181.964139621337,0.0,38.541437069237446,2716.3585135609374,64.81259809796624,153.58543913121397
9024.312407066387,0.0,34.451246482304406,2860.3299655448986,67.17947675422502,219.81948297412035
16127.688063429216,0.0,31.24795361548716,2371.4537771922887,62.789095634716496,231.53555829573017
23882.677475208682,0.0,13.481205229991575,3251.9599900757066,76.07091370370233,239.37729748335218
24492.86004407934,0.0,21.1887932391861,2953.5467053742136,68.87100437581749,242.20085257567223
21492.74357661632,0.0,29.78652340274862,2832.4964375966138,74.07887241205727,175.97558790973173
21991.556713882208,0.0,27.760653705656157,2671.039658978104,67.52390175746302,223.00022115882265
20038.256667786878,0.0,24.25645122602308,3586.1293450721832,60.75167267470515,147.90994221763907
21699.945388231296,0.0,34.25887219376957,2991.196901302701,65.54371365980683,217.5694131462154
17939.901420698377,0.0,28.007287176008717,2765.8364960923323,62.43037125162432,229.98180327416702
22547.84049449548,0.0,28.173449373009444,2671.4925090149654,67.5795696145176,237.61879967200014
22225.317548292613,0.0,39.092160944544034,2315.307840398453,69.7890192772806,200.44121905915222
20474.012233470618,0.0,29.913082010896158,2486.168484339907,62.90616197349361,167.5628440186406
18437.553361526225,0.0,24.811684968546388,2639.268551341336,69.77008391201979,258.83951470118086
26006.076610417535,0.0,30.91201823497586,3209.6991046355133,71.7591681292871,175.83295087103096
25253.656921568952,0.0,26.843524870983718,2607.9781061936833,54.35170543146124,236.82503569696897
21275.7946697305,0.0,19.878458592535015,3056.577020469085,65.40930052323128,227.5149308964036
21940.820435972793,0.0,13.752569686481738,2341.636815381018,61.330474680522144,235.60229569555307
24332.033868259852,0.0,20.022694222559807,2527.455466508911,67.92827439850234,252.5239482392504
22936.05002794604,0.0,29.344054001052033,1870.0245337709187,62.44463586608177,254.3015924659939
23444.55991080646,0.0,33.84352638454004,2384.6643254906817,77.68181542542037,177.389565105403
24319.971591930276,0.0,19.93524559480285,3537.1334921517605,72.15125555430673,270.0189502975374
21747.057713510483,0.0,36.95848298010307,2416.374225449805,76.37659974139552,187.1055860884732
22284.726687700255,0.0,24.748161223435964,2950.5755641972155,61.61421472008169,271.0375094501192
24198.79800417191,0.0,28.30523344362266,2845.412232610236,67.93214884794321,170.860554396009
14830.357080879738,0.0,34.25215371633632,2730.271314128384,73.05930528524696,192.21508692826743
20281.965514214608,0.0,26.855277412046807,2446.2129795102624,64.27137082779568,256.62301347550925
18363.410424628684,0.0,28.69601273319825,2777.3293983976146,60.76489713728821,216.5944289361807
19256.99150853886,0.0,29.426215430672503,1840.174723605844,75.03629167856313,250.55658256993726
26446.81199568778,0.0,37.35099769225699,2105.696228439945,66.6012731111367,176.6897844675341
28446.903798024985,0.0,30.040544803425853,2198.6900740759056,72.69322466281714,184.54432090069568
21921.86189027584,0.0,33.12851261432784,2579.1544691727986,65.67032920522213,153.32542177831897
18368.366204374794,0.0,32.810802285830135,3157.474656362919,56.9914534116122,217.93830182869172
26170.961037761248,0.0,26.07656692628222,3036.833069011649,65.35184116918056,139.28504550427525
21661.810616674287,0.0,18.20125040013665,3744.7397177011526,69.04750690015346,312.01362918015394
20111.244794654238,0.0,32.22870469500521,2773.724401932121,59.94370066463677,214.17134993523862
23897.67465642659,0.0,16.35872164492647,2902.677522560842,69.79944825437406,240.95862597380983
18917.42857494363,0.0,16.415572171851977,4328.003005566901,66.36457398313054,236.0379438414328
14293.461618185955,0.0,23.51629475471534,2725.1814470070685,73.45304799993171,225.77198963394363
21446.60638132807,0.0,27.080733569946172,2894.165147260711,67.51236039948344,212.0177955432605
20600.853713790264,0.0,27.870726329884725,2796.731409105999,63.93827489660626,258.20611761609393
