firm,firmsize,treated,shrimp1,shrimp2,shrimp3,shrimp4,shrimp5,shrimp6,shrimp7,shrimp8,shrimp9,shrimp10,shrimp11,shrimp12,shrimp13,shrimp14,shrimp15,shrimp16,shrimp17,shrimp18,shrimp19,shrimp20,shrimp21,shrimp22,shrimp23,shrimp24,salmon1,salmon2,salmon3,salmon4,salmon5,salmon6,salmon7,salmon8,salmon9,salmon10,salmon11,salmon12,salmon13,salmon14,salmon15,salmon16,salmon17,salmon18,salmon19,salmon20,salmon21,salmon22,salmon23,salmon24,bycatch1,bycatch2,bycatch3,bycatch4,bycatch5,bycatch6,bycatch7,bycatch8,bycatch9,bycatch10,bycatch11,bycatch12,bycatch13,bycatch14,bycatch15,bycatch16,bycatch17,bycatch18,bycatch19,bycatch20,bycatch21,bycatch22,bycatch23,bycatch24
1.0,15.0,0.0,141549.7395434114,134325.07377680377,139408.53704336038,137089.64062184343,139124.96415995926,138326.70151840465,143985.95902927013,141767.65525969374,136637.21895349602,134412.74520691452,139975.16325466565,133200.07082967213,141131.15174768382,141069.79445016614,143796.94229804445,135799.34058089845,142769.51173795437,140787.74905510098,145690.8014812314,137487.97429530002,144010.82310006538,139557.95168316975,145642.88953778727,143973.6943529111,233920.106237188,234200.42560375866,234390.03773507415,233701.97957383236,233756.44924548097,234638.39357142805,233787.71296967144,234666.56431371122,234993.41131963782,234892.2786147331,235182.4824088116,235217.5695958777,235147.48855658172,235772.21020479823,235340.8595296863,235780.79948119094,235496.830335078,236267.66964557057,235710.93000344862,236922.63876997604,236684.20957295084,236468.88578439687,237427.6786494103,236743.686753521,258590.7540920096,251499.39137443705,256656.99934472542,253999.2687928808,256069.28118255205,255716.06899566305,260952.78661830525,259168.50971425898,254205.39300311642,251924.56697924234,257627.47111232532,250882.7512096983,258765.37167623444,259029.54817776824,261532.11612969515,253762.494670624,260595.61454720906,258999.0057814486,263622.10266642744,256028.31695562293,262420.4609714881,257854.12443244416,264424.3949632156,262402.54442963446
2.0,4.0,0.0,31602.935851438713,33156.70955620103,30269.226226701696,31556.5080240035,32358.865565942735,32991.730934222265,33857.46406264278,33865.99124817496,32241.819902406005,31730.96112848209,32272.940355162234,32886.714727343766,32819.12200531951,34095.24261569606,32956.72946204888,33391.009668224426,33485.0244096417,31787.66856695682,32657.781712125092,33475.01296939071,31538.435176158506,33740.53476582917,35711.05890783498,34460.25861383144,62081.67581102113,62242.50398404396,62019.605264190846,62238.17999602604,62262.384679449075,62334.74831600181,62470.75831957038,62616.308266145745,62584.58527595161,62714.379389419206,62783.95918935298,62752.25861482196,62535.68347388704,63047.52274594461,62860.19857434684,63045.945511020116,62892.12293867153,62958.34240183323,63180.27866925543,63091.38962483254,63499.98812544352,63339.34998100749,63477.87362037903,63363.22517373635,62770.883309420446,64408.288580533605,61419.54368520356,62815.44032876516,63606.64228909634,64309.025816873735,65224.63496476039,65325.524821461,63675.701223550226,63217.43690671795,63806.61444118068,64400.016399343105,64229.49302742836,65756.26919693929,64523.37574233391,65037.68517370134,65055.48337121438,63394.07315076344,64377.25270655523,65145.167505050056,63435.46762988225,65534.71309379874,67586.05276899564,66276.71836113695
3.0,13.0,0.0,120138.57929729506,116622.98337166119,116040.81862451833,109120.56284759578,112038.89446381446,118470.74745487241,121278.78287498008,114131.48522401201,119539.23815014891,116251.22857190476,118662.89087446174,115319.97563586698,113535.01192120621,117539.36453332454,115158.2596614181,118456.89251958218,118379.42071065298,115575.31470921903,112674.29747075788,114789.77832852701,116854.54758294145,119698.70128668495,122320.36616923638,118534.69480985633,190780.38629727738,191146.15638715707,190901.17669393547,192107.7120600314,191614.89740621086,192376.45882318926,191571.5400511429,192463.91591524644,192312.16138867743,192190.05709239686,192616.9713639371,192723.27048056154,192189.57097902682,193170.4362216015,192561.00016992568,193439.9539257917,193302.03780002505,193783.40071570346,193088.55064911323,193548.47997874176,193774.6212163369,194264.61239608805,193508.31802512633,193532.08568704504,215556.64461577885,212237.8506584918,211510.89713062474,205195.20658770323,207865.09312365294,214678.05583194384,217092.71273579163,210367.07944224082,215721.33385256623,212354.34192618696,215005.3217913141,211708.53733171447,209667.88672274537,214149.538450317,211475.27587426433,215215.71187812436,215052.65210794043,212491.74284235825,209245.15057079677,211594.01229428023,213787.2980839994,216854.23558046672,219106.49788408005,215331.24280736462
4.0,7.0,1.0,63118.19160155645,63648.39967512324,61308.85969880882,64191.59543553468,63379.163819909,62006.249257040974,62633.679431211676,60970.52432052642,65450.73839485972,63441.61789677163,64455.09289190296,62989.309325223956,63810.13229607682,64965.3288088953,62194.84308042043,64957.48137661318,65736.21247908821,62944.52479521047,64001.521634408455,65010.083651463014,65314.976160999744,65462.31893820263,63405.78053212487,67843.74510896104,105396.00857529264,105261.53860710547,105339.42990902589,105713.53762042071,105545.3483256795,105936.24595651166,106043.56557382901,106143.99958658415,106194.39773469334,106237.8907181417,106548.56011926153,106425.04982137094,106340.52213989821,106539.63260716699,106889.2904538463,106970.84637865827,106865.49733514655,107056.11021964898,106758.77353702854,106785.03965669563,106889.55577754897,106976.26056020216,107483.17675739777,107272.48337403113,115988.9450945951,116428.64509363017,114153.4661302363,117219.480448316,116306.29626743948,115138.94862579224,115814.06891136033,114222.21878625038,118724.97435208136,116734.54666676465,117921.1136332105,116380.18795615996,117148.62276424415,118401.72581802374,115808.10662497663,118627.07080120334,119334.42134160004,116645.23940790063,117543.97475644342,118585.1169547622,118935.63379563451,119116.96533651919,117299.85727250848,121644.67410349389
5.0,13.0,1.0,69647.19632514821,69514.57504904272,70000.00115202865,75534.0407394068,73081.73589535448,64801.10216782955,69407.59789053186,64475.86180852465,66405.29137017725,72572.57748478065,63950.10471203363,71792.08919700356,66401.93007758162,76010.2172855042,73420.51194537645,76642.71892641841,71649.33649509419,74910.40457580927,77192.92830277173,69277.8252985277,71096.00723118066,72567.66041669981,71315.84208890103,73955.9518620871,201627.1641766882,201824.22489745883,201316.5020577732,202148.6126991075,201986.03460385496,202643.50872893422,202419.96798770496,202817.67641033288,202809.95314701227,202219.32084076112,203704.920940553,202822.3338406744,203580.64004095955,203908.76538039942,203810.00475638112,203607.33409885206,204148.37616617742,204212.78259464703,204683.28858834482,204372.53081445186,204462.5693738301,205339.1603451243,204851.26955052494,204801.49038320765,170494.0889970403,170437.21076359585,170705.00191337298,176645.41206838706,174117.08867462457,166170.59660172535,170640.90726042847,165922.9602458161,167844.48024751327,173716.5830500991,165843.55586865934,173246.72149980982,168197.8156501789,177988.26514314683,175358.51142076103,178486.3941180238,173754.15447444338,177044.31593918757,179561.3389863058,171491.20022472244,173365.49552909075,175270.52572299578,173767.88837836758,176373.86413748658
6.0,14.0,0.0,88901.95587143539,91455.33332925983,95370.85933721159,93487.95790181575,87395.86781038642,89603.27219644614,90996.56581792809,84759.8243418935,88511.03434201288,92859.86275928418,86318.45217353952,92956.86440338344,95779.6040054168,91536.75219479781,90562.57619702132,92218.86780071157,94711.28883209892,88564.91378184383,90971.15926744105,90465.10059809702,92966.80117861647,94418.97744176138,93207.99872882148,94765.64059870529,210430.19429009457,209047.37616765135,209296.6219935775,210000.05137514058,209346.1118078156,210113.32144584405,210356.85197679375,209951.85955917597,210972.75084664283,210905.04690144336,210361.67143594785,210632.94974697748,210387.41542068616,211177.36087316103,210682.61157710355,211440.43312898136,211479.098951399,211838.259547208,211945.7035516989,211943.45440704827,211741.166721296,211936.68173928017,211546.77572004966,211852.8122355178,194163.05286056863,196038.15775008642,200065.84140754494,198539.69221890465,192109.0657667251,194740.87730811507,196226.08494095595,189792.1319641944,194045.4280352416,198367.57516254054,191568.590457395,198324.43897228024,201030.6582858857,197188.95027216317,195962.47169545485,198006.37786110264,200506.95745023937,194523.49409596363,197002.5232580768,196492.2070636742,198895.02855866653,200456.03849659205,199034.81435025344,200758.49644693753
7.0,2.0,0.0,12648.48013651954,12699.614287271432,12794.632979846794,12741.782143847573,12552.552386307281,13100.316982519354,13296.094927747983,12119.603183695905,13256.701138923061,13660.520156050976,13167.083174801352,13127.322043352291,13690.39655590918,12688.568314015121,13099.037824975372,13358.492802341778,13681.663394667807,13401.173115631873,13019.704728356335,14556.432728291396,13278.196807041555,14148.558972203142,12977.672256772004,13169.823114725343,30503.709250623222,30457.62277036111,30614.820151342894,30559.157602434927,30735.112358585007,30667.29077515792,30723.02572701487,30694.474489728826,30787.013230092543,30688.382063603385,30797.905369196986,30750.766559896852,30826.873170397088,30986.134170109395,30871.80985547191,30895.667444541603,30903.446740934283,30903.37235696124,30935.638388516625,30956.87650103479,31030.970531552925,30995.389628066914,31109.091157866427,31072.50690368818,28049.706993129334,28091.399444716197,28256.931580328448,28169.76813483969,28073.093315332313,28611.58178223807,28817.385401552827,27621.038074814045,28802.693878039627,29162.943522099806,28732.31168511294,28674.379087798174,29255.753641819512,28346.20080493351,28688.724613818966,28970.335380161825,29292.71879712805,29010.995753321706,28639.41756088166,30191.60509317147,28954.4477877265,29811.723727467474,28692.837720806652,28850.416173271395
8.0,11.0,0.0,72608.97155060233,77897.62651371455,75125.42906820717,72040.06356280594,76967.34631029233,78474.05030889645,75937.96101981225,79053.73876009409,72232.86222399681,77313.35544357222,82791.84622402335,80093.51772946671,76702.64871991232,75772.0422653586,75215.74720600255,74512.05162311415,76099.67524152053,79192.13763366715,78296.42494622151,80574.18825868709,76676.10232158977,79222.28127102256,78728.94564742752,75895.28682463852,169786.43977045562,170294.06637779038,170286.5387784986,170801.174936368,170954.66906744282,171174.64874534932,171545.90419480327,170726.30028743786,172024.83513416306,171362.7833582114,172339.3905889094,171917.47024919445,172044.05267262628,171845.00405740118,171911.19677874199,172166.20832309304,171851.60319834505,172110.53254744658,173317.33502066403,172562.60863854658,172962.12792684304,173503.357379046,173075.80827940008,173372.02420732303,157603.66739451987,163129.68296777937,160360.3147517345,157545.13556929183,162551.73410655122,164159.23808907933,161816.91033024198,164515.90540431073,158355.60207843842,163104.48926424983,169072.64524955084,166146.1125031135,162840.9050811156,161790.01406478346,161255.01988722789,160701.0119438894,162123.26728972807,165350.84156341312,165068.5187532115,166954.13174300035,163267.88291398648,166085.97231032353,165350.30164153452,162683.12620358073
9.0,9.0,1.0,64671.16852529752,69222.3830748477,67323.5685387871,66234.56914397136,69354.24114813836,69170.6454484191,66802.05334721987,70209.93267585096,65849.4179878431,69840.0684415707,70559.1215961798,69617.93615719849,69324.68212852505,68266.00902350958,71595.1300638434,67941.62818891481,72167.91457509274,69025.96644688434,71336.98481218051,71532.09699338101,67869.50769572145,70751.79806796685,67870.52706242831,72149.25283029779,138541.21142884056,138388.40716291216,138048.94962000966,138363.66431975586,138636.41235911867,138775.62062478127,138852.93514425226,138889.01460111933,139295.51281120302,139258.26247813203,139262.91182218268,139814.42395285863,139280.72158257067,139909.45612493914,139546.69481305828,139778.79765669693,140099.5788926705,140250.19879862625,140271.54156888236,140315.10276467688,140239.21284513394,140326.80565442157,140445.4331758991,140228.68156569754,134030.23191292674,138514.47635084845,136432.94229150488,135507.7569011151,138763.98182897066,138654.05468616958,136333.88533840072,139757.14849353305,135592.50825408642,139549.98435438704,140307.86426852262,139606.8187695952,139046.92767779887,138300.7459357004,141459.2393514619,137907.8735823853,142312.39501191743,139245.1223219249,141559.1626864184,141784.82875745514,138084.125417557,141003.87967987254,138201.6369068721,142359.66692917328
10.0,11.0,1.0,71602.74431774931,69545.46988691283,70278.49153233394,66298.06900604228,69024.9513939534,70025.1031317588,69180.63960677896,67477.98015350348,63259.5878427359,69323.88290408607,71654.65333708555,72760.9700030954,70042.51108977693,73955.66889829162,68937.77141872408,73913.54925699614,71745.54559032174,69579.8053004911,74052.86710327188,73746.86749864477,74807.66898947788,77222.54329908568,69937.920594954,73453.72629423933,167131.20023785622,167529.08179798114,167189.61913609074,167890.62090031803,168543.027990037,168244.65500708317,168218.52243534918,169029.00328651915,168163.4059424568,168120.51406074723,168291.39650318757,168812.59068581092,168704.1177440236,168588.5083290835,169374.93789609647,169654.65269422077,169220.7712172322,169990.47571871066,169146.25267934485,169987.71910521714,169882.65645788022,170224.7523944691,170237.49157515878,170583.53099828796,155295.6789437604,153424.91130490912,154006.18127340748,150382.03573684063,153423.80148823385,154263.6011219469,153404.7241765327,152127.9562871789,147463.31546843614,153505.19251227705,155924.547373513,157265.06482228727,154510.26941796238,158363.42075527948,153745.44407375297,158875.03230463943,156476.77416650986,154697.02371563716,158740.66253898243,158850.35095561424,159868.0312936107,162460.29541073582,155179.5645790759,158874.85901081332
11.0,7.0,0.0,46207.28508455242,46824.22909031912,46068.53127304375,48141.12686776821,48272.99018925087,46219.40212623287,46036.06486545281,48922.510485510655,46136.98407802574,47125.40873016414,48840.75639467671,47951.457223239144,47394.47818069813,50382.0362468835,49866.695657787415,45070.460680211174,48139.03189649081,48482.8707992144,48894.95989251308,49669.85693320577,51453.15089716113,47365.181539645244,47384.154081827095,48209.76905802803,104455.38665939096,104452.21789737948,104672.56146849219,104322.14856512863,104781.24444571139,104937.07475810056,104668.2710869795,104973.8839335074,104918.27414083174,105081.80336861876,104825.08003789333,104918.26694253665,105068.55145051052,105103.9712764721,105233.08229977473,105084.54774427386,105236.17272162066,105202.62177557942,104913.67129177271,105199.728371936,105554.57227646971,105657.14503694265,105797.08451978063,106050.58111142795,98555.18495431024,99192.76867350674,98535.23669145266,100427.63997301713,100793.9130739839,98822.11792574929,98491.3639492107,101546.59860135183,98743.86511733601,99795.55100882266,101386.2986122727,100525.73816925305,100056.80511231508,103074.53753215644,102621.42734931482,97746.742100328,100883.28537476272,101211.08748609673,101480.87326018012,102387.66042146232,104372.70070449634,100345.9460911437,100411.3128868402,101389.05522675368
12.0,15.0,1.0,123564.28962552574,124225.64700747991,118748.7551497471,123754.0098463493,125824.85933685733,122982.64149907384,116117.76423256763,125914.36271735295,118883.18060141338,122957.23335149864,130948.7882671462,121749.58569033122,129449.63091821318,117961.91186690846,127937.24078695998,123169.0505979913,120847.09855299967,128202.33888878848,128415.37523712682,124307.54615858372,127415.56146800327,127428.80394063794,128137.81207296513,128468.6953143248,218311.77246101518,218587.3333991629,218513.33186307925,218659.59931442208,218562.77645131238,219626.3893802668,219155.14812029456,219289.8082166136,219949.1110047139,220054.10416085314,220163.8799259681,220215.01995426888,220130.50193390125,219681.1980476944,220562.98381363263,220642.19160025642,221097.05251166914,221301.2777871414,221796.50887935216,221205.9357552964,221069.4297297895,221764.68875175278,220669.0190850712,222223.73131609903,232878.0810880737,233663.6646157607,228135.81772838114,233231.79551371068,235263.50609074836,232931.91372834303,225851.14938147765,235712.89165939545,228990.54027595048,233115.595051976,241175.76539867997,231997.24911026,239659.953800065,227954.11035214018,238381.12032274902,233629.1097319682,231542.44878389227,238985.27077533977,239456.6936527291,235050.5419665108,238099.28746784426,238456.00133422398,238610.50317868806,239712.86583834628
13.0,11.0,1.0,94761.52528178389,92556.41470939267,92119.71885988099,94011.27573893183,91012.56639443766,92454.13107232982,89620.75091606623,93339.06388004987,91903.53929166376,87164.75256475658,95105.4472419267,93443.71410747468,95806.8051612024,95242.21559702595,92347.76572522003,93894.4362861073,92338.50633063028,93324.48472579122,93366.2202904368,96356.0729308229,93939.51039343343,95771.25884907035,93871.44139767591,97131.29771121667,174117.89592887682,174215.8390763425,174442.7331943816,174614.31013540292,174039.67669625013,174747.69418949742,174670.48347321805,175519.41440063203,174943.43185044453,175271.33010823448,175267.4944317602,175405.0773960855,175678.3741352773,176444.27654499892,175323.62488984625,176501.5036657875,175604.95938069152,176003.32314327787,176767.47832261093,176525.51922906013,177013.10049119935,176855.4526036372,177058.53303585158,177348.5734236581,182008.4102523061,179857.47291811422,179528.24420971057,181511.72567538742,178244.94178688247,180016.3894475395,177138.1394948514,181315.17824696322,179569.05524674518,174998.18289263517,182962.71213343236,181344.782957279,183847.64169618994,183647.11595773697,180223.54799112864,182329.01477407498,180354.1644714711,181518.02244845478,181947.28203156387,184818.0438915393,182651.41017071006,184414.87277916964,182604.44358200429,185983.0413469475
14.0,5.0,1.0,37066.6758401221,35554.92916693708,36516.6583329228,34908.24594164231,34900.466607190385,37698.97326372597,34054.731844214766,36225.8303527361,35137.73209965623,36243.46470464969,37192.4045277665,38311.83765236996,38838.05833182109,36833.504362961205,36745.82542354539,37940.476516483526,38595.90424430489,38459.07416644559,36242.499018240436,39055.66642176556,36297.29766606207,38507.566917617056,39592.06114872705,37762.28582762201,76733.55222860488,76484.83364910951,76648.55226383147,76690.88644601933,76711.0808911735,77084.83931448287,77018.93489665027,76981.11358739699,77183.54747483104,76997.64112146765,76918.94079358317,77237.03959190576,77377.21444986136,77337.24477571902,77479.4476451058,77302.63392767587,77083.09677926566,77403.63222211444,77344.94000200236,77583.89296222481,77788.98017167796,77717.58248884502,77598.25365250923,77762.95569436382,75591.73854813253,73977.30032190737,75007.3409713008,73402.07156282259,73426.90133174634,76393.73970667542,72718.30412766377,74883.17529369668,73893.33838740556,74889.99688930828,75822.78943484121,77090.18712553888,77694.46037985537,75663.87233252202,75655.6061612792,76762.250889882,77299.89246478626,77315.90263193019,75091.33189816066,78011.9361594114,75341.92194501428,77543.1246308928,78547.0546479747,76793.94531430658
15.0,9.0,1.0,56484.29032789451,54197.27376081633,57093.687235312354,54135.75219468078,53402.256405564265,56606.48511435026,57556.55580488881,55869.8249886595,57658.4714567112,53650.86160043108,58298.88841386526,53557.11162145788,59748.13545086644,56808.83149126449,58450.6745593489,59060.361204532914,60018.882228285176,58881.97543898331,58639.68048120182,61192.58802094206,58133.27802985747,60088.75052319092,56245.38728149183,60336.126456966726,136325.0757019914,136013.83982647577,136261.96053122342,136735.69252951,136789.79702448728,137296.67869990703,137215.10082649207,137959.49534181727,137085.22760979403,137536.40330293914,137654.78819203872,137868.14198103556,137655.77428800007,138071.89983411628,137911.99665643153,138057.9941411677,138202.2796427389,138628.9859607259,138394.71111052463,138171.8276484099,138528.01609881668,138897.96506117476,139373.09633428082,139314.3562368721,124725.73923405007,122304.54361331294,125324.01939486506,122576.89850365641,121890.37747888488,125337.45844094282,126271.37334484454,124936.84835678003,126289.96725090963,122519.13490596335,127216.05693537078,122549.75129493278,128655.61952387908,125925.69427927514,127496.74815575176,128175.23326528838,129215.27572271171,128274.54153048275,127937.51357906987,130359.27246222516,127477.91191021506,129650.70184083084,126035.36383027364,130100.49459154413
16.0,14.0,1.0,115373.60581176695,112993.97322372199,111442.45174734949,107961.61272411206,110009.79441191448,110540.8045150535,110632.0726938898,111975.95032831,108551.86880454872,112043.1281250985,119041.03755273926,112695.13655641535,112163.3007709294,120054.57233167755,116188.91873485787,114761.44160864898,113585.2874713934,117912.69454879299,113888.9496083601,113636.74687188194,116006.62600755485,116252.28867682215,121087.02133148913,118254.6955851074,207539.8448195934,207039.94819711774,207270.4150707658,208147.73071443138,207225.35791416749,208305.4395266609,208395.3046278506,208590.50730964582,208792.9366018024,208145.25502266266,208422.18225159842,209030.95008110278,209590.8724163455,210210.8796634471,209332.9121545923,209647.35021363237,209967.27486852417,210116.6581519376,210092.42898139573,210315.38361644142,210471.14560867895,210447.79594377533,211093.2314605552,211339.22842801383,219283.28904657398,216659.93699126435,215223.3829766574,212207.76917144874,213774.57708665414,214854.77065379298,214987.72501338104,216408.883696557,213085.9245755531,216264.2519158197,223377.6496009523,217353.57722752137,217104.08793963178,225301.68773069157,221010.42858522592,219723.74356339642,218718.579799269,223131.72465963406,219079.95694611038,218938.90465697797,221390.02606983413,221640.90961728824,226778.7161351511,224077.49062941776
17.0,10.0,1.0,84898.35719174962,79015.51548900008,81720.04102474145,82360.25282074955,83159.15373375893,77582.6109425907,84416.17621037149,79835.98382225755,79617.17103967631,87713.33960190954,81657.44385404619,80350.15653136649,79862.93684579353,82070.5906110954,84951.8332452326,83613.21199343214,87358.35169652977,85843.29540253092,86418.4166942159,84001.87417824678,87561.46609748711,89325.82376406204,84029.684042103,84461.41240847117,155863.04112162962,155508.40493007033,155352.76338186156,155849.63997116243,155921.1874294499,156304.60901877904,156014.11162560934,156353.1292003929,156298.7261387892,156766.00127169615,156944.6019687194,156788.9052101569,156789.55776204276,157427.83645154187,156910.92092754215,157057.3186366622,157388.00509172303,157024.04197082488,157741.29719193187,157734.71796770647,157995.03925924178,157180.32617266834,158120.0402599047,157776.35892339732,162919.7617448236,156872.96968143526,159499.61513770357,160365.5428310039,161227.05106939914,155849.75037333745,162521.3434785388,158111.7121677136,157876.14713714024,166192.66472607854,160224.93365307892,158832.77463606396,158351.45872313634,160892.16013366778,163510.0983736993,162242.11446647983,166153.77514853762,164459.44337583354,165401.12563622952,162971.9356662404,166667.39286428038,168029.77800616046,163206.15983427208,163463.77636486205
18.0,1.0,0.0,6970.261601603247,6724.33531167828,7269.822679759059,6984.054862835357,7289.479308952596,6613.382341845934,7372.341047239477,7033.653073341341,7123.49227647843,7040.595651343608,6721.582891424833,7107.415926905734,7223.6357183901555,6893.155757405665,6877.4570166613,7294.879342927984,6763.043734525896,7303.618599501221,7486.495672367987,7257.552036669561,7172.885184537987,7303.274812411875,6991.798127387051,7212.434129770989,14958.6975653639,14925.086832391138,14921.763197482825,14961.427712661185,15002.415538151083,14962.925663481055,15090.289967902874,15055.73730227311,15060.516421418291,15036.918252491707,15090.470713351193,15085.619139562383,15032.22076660001,15170.51407358384,15158.532814034512,15144.94719422366,15087.441819776242,15183.11331485347,15207.12789893697,15224.040263979838,15257.942283668697,15265.528925426503,15367.078180079037,15203.901508029998,14606.6357446684,14358.770606709419,14890.374449259865,14649.833507507688,14973.878408598639,14268.180851048646,15097.640747350313,14727.507662187421,14825.11312696937,14736.399297399428,14446.463815741025,14814.931139051841,14899.141673957358,14635.236438990032,14615.663529153515,15040.723216563087,14478.22621420903,15073.548731096806,15263.65045350465,15026.397229005346,14961.556543158471,15093.436637378905,14833.126566173843,14984.08849997257
19.0,10.0,1.0,88075.33435345613,88272.39447175188,86869.99964409317,89669.392440893,89096.2021398967,90987.52221795813,90470.2275346542,89093.77981323643,84875.47176297364,89394.40343595223,87264.39081184157,88992.62918974741,88509.45997206797,86733.2548509216,91033.32634466408,89256.70520838031,93303.05689588461,89036.02732174518,88587.63934332426,93033.79272373368,89159.25645131664,90346.23531788524,89444.41363035708,88706.10719465089,152530.08322975415,152701.5815568211,152647.6822395389,152608.5047950908,153024.87852624178,152972.12214797793,153595.91742914077,153168.67863877915,153933.52869124996,152634.48751644924,153252.21173563172,153532.92206023226,153376.56957065218,153927.84141463606,153891.67645409537,154061.8953539844,153371.52591708282,154432.42068487412,153813.10684514185,154177.9183413719,154175.49231731362,153964.07492828785,154507.37804781544,154621.04379940988,164496.58422858905,164789.6940867261,163341.27090765478,166131.67241811298,165762.15304886957,167624.42595439067,167427.22718213516,165811.84083516887,161993.0657497772,165859.39903348737,164049.66219903145,165915.56759109805,165356.6422038928,163856.22864852697,168146.21469833318,166439.53808509017,170151.33166565353,166408.7519359082,165642.0728240099,170276.41212534433,166405.5294271904,167486.1159342414,166851.93446698636,166179.08604447654
20.0,23.0,1.0,221300.8114983368,220423.66115987103,219243.2839811845,217150.56388259446,220265.979223699,223159.2552847896,218781.0103426245,221726.21708173724,227934.27080043295,221386.8092958501,227566.19729106085,224669.10856155405,230422.47271233652,227837.29717136783,224175.91456789887,235758.41934413763,229520.54034248885,229703.94540820707,224175.81513449154,225387.83353431302,228175.09352400716,227407.11981959885,226706.50978977085,228937.78242647814,336241.4233111248,337081.9800238215,336543.9563803264,336302.9625471973,337510.2557837987,337988.2977456641,337040.2697861273,340001.1704082654,338323.6160273269,339327.5464150555,338981.4495972332,339233.63937310554,338651.2300584535,339773.87102371006,339371.2817562151,339915.91577082983,339326.5174950556,340375.8852086022,339956.0063785842,340757.95726210094,339637.8708409976,341273.90821344143,340949.297755213,341438.72849370487,389526.3710603984,389042.5991001871,387596.1411467468,385396.5914380114,389134.77642522193,392256.9875812593,387394.1824045782,391833.7161456534,397196.02785341156,391158.604001904,397151.7540370443,394401.8558107478,399845.9529476036,397830.57626843284,393962.05827853136,405813.8163456369,399292.28386290435,399993.8531632255,394258.5900115065,395850.2247463998,398102.95345249906,398141.62997721223,397273.71324091236,399759.7312729093
21.0,1.0,1.0,10782.800635687066,10427.249511615062,9858.69836767876,10035.850376478922,10103.444898653634,10309.212254979255,10203.60794853127,10368.833729267722,9939.428704633165,10473.152895718082,10230.178050050003,10766.148754900023,10442.63356839789,10526.258163892018,10433.024069158484,10535.166849081745,10608.570397124258,10032.67426048457,10067.718055371652,10621.910646719443,10594.910435696915,10587.14956540998,10703.543986226183,10401.694848438254,15055.583731075523,15096.815215948065,15135.943915253247,15153.764678699426,15150.21124210783,15122.053153467588,15097.167966397717,15148.68847584517,15127.942457545985,15124.27198563127,15182.908516089225,15213.577409028632,15142.45183843162,15210.989202060067,15171.723189229813,15236.065936846597,15229.97838995244,15209.464700093426,15200.611184899084,15230.505510589295,15207.844354281659,15209.612918287381,15177.031914469093,15240.93652443814,18340.445450952222,18025.061254080694,17446.12341166331,17662.512533718607,17725.56378110873,17914.553606168352,17802.127831344074,17998.045101957094,17540.168690003804,18070.32783551515,17854.625611453368,18406.409950386518,18063.83758086394,18159.4705666513,18051.356315074652,18201.227186995802,18259.969405486077,17686.890649778554,17721.984674998865,18276.27831438669,18233.776594790248,18225.18405139254,18328.80795438848,18047.416135874802
22.0,7.0,1.0,59874.14468630794,59300.4006001489,58297.91581589044,58717.42793401061,57066.29630642569,59327.328362878165,61443.93590776748,60272.18242305243,60399.018350928935,56131.797935594404,60964.5912337424,59024.22567278498,58612.702731811485,60048.03124081039,59787.41792336316,60571.16789858082,59733.119188303994,63123.87123139045,58580.988357065566,58898.9657656631,62324.41218966051,62370.084342406204,63432.95134248233,58826.84742799643,108389.39774596294,108169.20306910135,108222.31760792543,108018.53003459082,108180.92779465578,108228.93696578815,108566.56143312102,108636.97509191588,108838.80771633553,108729.16410771634,108997.1850931652,108958.7920912649,109189.854356634,109381.0862412428,109273.86945389718,109383.07961197781,109253.17992880933,109377.53050125697,109554.59018065059,109454.2931273449,109646.41358016209,109795.61223966909,109745.402503142,109908.55967126401,114059.94427845292,113406.84497715169,112423.72628467588,112731.49951276214,111150.14305067758,113438.58073677625,115725.2376581932,114609.97488429853,114814.21842629879,110507.52798112655,115465.94792618036,113514.99881205274,113222.2744297868,114749.5238527575,114438.45906042286,115280.30613791087,114379.66835560971,117823.5984586124,113358.49664976721,113622.33143318309,117139.31073609387,117267.44101766945,118306.60160341274,113784.50630041801
23.0,11.0,1.0,92636.23539862722,95592.23370384071,97584.27243002379,91079.70725683906,95619.20760033753,97150.53473372184,92656.52091898148,91665.31735198075,91835.55569548368,99318.46070542127,92989.46498326177,100444.72251675682,96070.1002815777,96206.54661391859,100087.311276695,96069.93414753236,96802.51435463426,97067.53817730109,97202.48404901291,100360.07919582442,98009.63466334241,101219.97162464302,102096.74407827585,98189.90283609141,165413.08359423277,165576.99102856187,165738.46441084013,166038.72970462035,165700.2466952875,165853.2837996712,165938.35969277474,165938.96078192693,165781.04615083986,166716.838647461,166309.58181224554,166142.21256731925,166451.19048399047,166342.92061237036,166366.02575245727,166221.33140988144,166341.34483910556,166517.84257841698,167101.1954127285,166801.66645678476,166866.17935931226,166986.56620317893,167236.38136431773,167365.98889886183,175432.64726622283,178472.5273615832,180556.78605804552,174215.1691145989,178574.72691764336,180183.43750414718,175735.8007943942,174711.74941867738,174826.2729617346,182770.61305154447,176243.20582176384,183626.11073562055,179377.44262240257,179486.0235418746,183383.50135687966,179292.5270259176,180060.08464853853,180422.10533746541,180835.13218010688,183849.65880271528,181538.6176333917,184828.01075298447,185828.98158507448,181981.62707639407
24.0,15.0,0.0,98991.23786979525,94441.56555033017,98138.69653712673,92609.04817179868,97226.57816474109,95203.96907311212,90200.09279395701,91931.63066576308,95968.33707850556,95191.73429251813,99944.18359068166,98985.98327829994,95280.73835758209,98756.55918407634,99822.81169546614,104293.0663021967,99879.966806975,101120.70821304778,101011.68784535964,97417.33095983599,100131.7880797617,99261.15011745648,100426.13948417855,99153.31138751486,232915.5888843262,233180.16538479328,233942.79218514825,233571.30646238764,234075.43706913627,234851.889851745,235044.8480561465,233763.2316096733,234300.10788639417,234400.21017644161,234617.75834870234,235026.1904919363,235805.86075048603,234791.70025938304,235170.32636380993,235337.91321203407,236219.1928012958,235394.6962677242,235633.9038845937,236064.21637875203,236841.69541292186,236408.34859299962,236724.79144247805,236857.08266713342,215548.54388767082,211137.952083472,215220.27202895077,209514.21335729916,214345.06729623993,212736.68797106488,207822.3164568998,208893.13091420746,213217.27210487906,212483.56523693327,217356.10059619328,216600.05902506041,213276.9458095004,216269.32854761547,217500.8252916808,222061.7166406222,218090.43387551027,218906.94427848115,218909.40354798143,215551.7172697989,218641.1191264159,217566.8754906015,218892.89650474215,217689.65527453963
25.0,16.0,0.0,88739.55767132269,83578.84899049495,81703.07811309678,84990.62326244437,84605.397433512,86543.65266862098,80832.71046364502,87148.30938097082,85141.45542504932,85861.73613050718,82097.42152595182,91370.69918764838,88601.38713943011,80126.91305943717,85964.2590975257,93294.42792591886,91020.06703242377,88791.27189119789,84992.08467521501,91859.41715715926,91449.6553169297,86624.92445573688,87919.29261904256,98978.77880089347,245721.32832854893,247018.22899567412,246834.16546587777,247324.38552924793,246951.3945775791,246752.47934673357,247537.06444334524,247425.62769910923,248547.50324338424,247035.14721412555,248741.48578459173,247999.63268421893,249251.6268703907,248467.6177520564,248128.71236631196,248447.28102918615,248581.31513524626,248592.83925769728,249494.8761408483,249210.47803150964,248853.20466911123,250171.63833312131,250144.3792846683,249185.2497345806,211729.23620830444,207227.04338628074,205255.49354694862,208791.20003882406,208216.9102391264,210048.50142382775,204745.86723146428,210993.98307111772,209541.99676820656,209514.96481657433,206600.91951626795,215492.88360745285,213366.86284647725,204500.92105612313,210149.99952905372,217645.98533767153,215429.9101983474,213235.75304908253,209863.21062676224,216600.35894037978,216018.02787389376,211823.1299031748,213124.54572180804,223716.10662006098
26.0,6.0,0.0,43842.471093062166,43172.924211669284,43612.74835341989,44167.49544546768,41978.58893784102,44265.511864845255,41947.21777122496,43035.310151143756,44061.69180530164,41904.332432692645,42801.808729223856,41773.41343732389,43961.80219043138,45757.60094018111,47419.310625989376,42467.24173702985,45444.33864593224,45626.546767333006,45234.53025805033,43895.76160643102,47466.12828048115,46108.37981524236,47645.75293035593,46335.34292394114,91314.25407193108,91303.20493441384,91334.85987657032,91293.82941607609,91495.10041562388,92012.86088184855,91678.24874255179,92011.80860515169,91761.41867240309,92023.15112271113,91981.58812611514,92213.531018116,92147.14996043203,92235.89634462098,92136.15410527667,92385.1000373094,92257.70403225426,92436.1079503317,92562.47726837246,92730.74917354478,92912.20929926398,92783.2947010681,92738.85245103126,92974.79761199602,89631.44946007666,88957.73409821485,89400.12858825334,89948.21201608352,87849.97264986656,90403.78576077269,87947.93859217883,89168.3012481684,90066.72515813017,88066.26065571976,88933.83169499166,88011.6003129643,90172.32763986166,91997.04851000967,93609.73779190127,88782.70772723087,91703.35723211372,91977.18252914357,91652.08619113354,90391.98514188641,94054.52102104577,92616.98079036652,94159.3687133207,92943.49018809106
27.0,15.0,1.0,131770.64794965897,130681.00899914755,130463.0343921542,128691.36249782756,123799.87982392253,137179.94183005017,128965.32178209843,131375.94743527228,130821.47700068197,130415.54368657357,129970.87904000591,128623.05677781257,124539.0225662036,129241.33776608837,119570.42919950216,136203.80872882207,127198.97231998523,125412.09608842326,129312.2365376638,129900.2382702442,126213.64630121441,124448.75428986811,130258.66173509147,132441.8366562826,227654.62209949762,228217.01516892426,228195.98577433068,229132.247933316,227730.17157634802,229199.7256605661,228895.53237282226,228702.79706538955,228793.68272282908,230024.3169360394,229463.86722900957,229280.16520979584,231086.55663675754,229843.0487073736,230569.48343429767,229616.05178666007,230328.1736879614,230724.0470846011,230671.15654509474,230899.4849678413,231294.29679588682,231190.01803992825,231667.31841546894,231233.8503721889,245648.25519910996,244843.97329691294,244613.6308431417,243328.89817586265,237727.59998489812,251853.03832606418,243499.97222635057,245778.0743187837,245298.3445271288,245496.34837178275,244775.39638790555,243329.39134649074,192133.88485649988,195406.85277969652,187955.54570519525,200880.2522776884,193959.6620934959,192676.62067108546,195790.885671589,196346.04378960017,193555.53191629009,192109.63198834576,196939.20037284715,198511.31721193073
28.0,8.0,1.0,58643.438024565075,58062.273531943094,60157.112832452796,57314.805490099534,56593.920839947794,61023.63540630527,58071.86174007501,57522.07567227439,59734.8884513756,58558.61774450259,59743.19533071347,60020.1283413521,54391.31449066603,58074.35987541422,57432.01150412408,55642.04057643983,55877.906431940566,57591.45828061415,55659.365233453376,57887.36578176998,58827.4918788546,57679.23497537631,58984.72964344126,57853.451806903046,119077.40204009275,119586.34505824238,119253.5111581993,119428.53417402171,119293.21622455673,119590.41698944586,119704.31843552487,119964.2057031012,120116.9767835294,120049.56134265316,120288.00959979382,120074.34234426146,120317.09121785348,120572.51681187708,120060.7920019468,120951.5836414932,121060.42098287045,120839.88080004182,120918.1946033393,120893.5276228578,120974.55416627433,121977.19223206313,121795.96314313894,121414.61834650605,118198.66022758145,117896.01242849375,119817.06116934851,117050.34690170523,116282.81742044362,120854.96160087056,117963.58451004646,117530.84058077128,119825.681016359,118633.67140270847,119938.80951168764,120074.4775169985,91669.7791270156,94733.72969171734,94005.71970076743,92939.00333194651,93171.7069446663,94457.33787381118,92937.21619087028,94690.23470191982,95489.57176780826,94960.43323353399,95931.46273600409,94882.7698636301
29.0,14.0,0.0,92973.84787715599,98363.78470369069,94670.05207843737,99836.84666211971,94701.77620328894,98070.9635097559,92272.89528996583,98069.78133089036,92361.1731416191,102512.04783855048,100651.1326213679,98587.62831105725,100285.24043696055,107900.1465201611,106027.88375825874,94900.73074407331,101094.57943777664,102214.5162113688,99589.93540347436,97125.26284999645,97493.83656920132,97484.25738817168,103670.12715214072,105651.9414603094,213411.09125077497,213714.67919210088,213867.29242951956,213213.87660046833,215166.58144073843,214339.19816394433,214282.4623547529,215131.49840874388,215188.7738511357,214738.22709068868,215066.10030421414,214629.26685868282,215388.24119555968,214974.5982070456,215707.93292249335,215813.44490255092,215835.6234617512,216108.18202953596,216095.83477678712,216877.5959859218,216178.67087597089,217404.1723026542,217219.92756694768,216495.13204540126,199775.3280440261,205335.65928914424,201710.24396926753,206560.67955456077,202403.11949997954,205355.82721083483,199515.21797337846,205732.08019302288,200057.99613343028,209987.04441539402,208302.93062675037,206000.02830315047,208098.43402832848,215487.34831491974,214000.2100155662,202940.25411593888,209148.1674953437,210384.0867590418,207762.36621386613,205673.6908079373,205680.51907046663,206305.37154220798,212402.2402523479,214004.86520902129
30.0,5.0,1.0,41488.73213172413,43504.2554852319,44624.6152925133,44327.543450658886,43016.3265710498,42745.975933393755,43010.505601240926,43849.31237529413,41336.80575888824,43473.645967285775,43238.50006652827,43847.51363936459,42595.61442988568,41634.282767135424,45004.063048792115,42252.27578721654,43831.95978086884,43674.06286467409,41001.308273211485,42889.43856046957,42101.31835741214,42439.72545827522,44486.68576351802,44161.775229181825,72774.25782868899,72971.98863600074,72933.48593215298,72867.53831357366,73224.98396228375,72891.65515357912,73181.07637938684,73243.99836067058,73313.48503552836,73424.14500373507,73328.40474335583,73278.23228005912,73414.35430724986,73606.87119313948,73757.66454220375,73892.11182991495,73955.12955846489,73656.83004016403,73718.29336751263,73832.20245144323,73828.44626163364,74232.75666188523,74157.99181415974,74023.69545522005,77862.06288330127,80012.79573791075,81083.6995172904,80772.14893313414,79617.11036403362,79173.88990190832,79587.38772637078,80502.92628868959,77981.47584361551,80165.43613035064,79902.22453063208,80495.34810690039,63459.7728266824,62757.66750249584,65501.3874123363,63353.33819849564,64642.1526157549,64384.30260846888,62277.31886467629,63831.25065612749,63189.5111117961,63643.053288471434,65247.76865574595,64935.17669348174
31.0,12.0,1.0,83625.61911092144,78868.97576525387,82930.70877463142,87096.94246249938,84115.20558974764,78552.90920662558,82734.21470477703,85484.60046529173,83310.10887491718,82115.44985996587,83698.26981633517,83984.65804749486,80735.02036865226,80474.01204808794,74659.46463744885,75553.5572305185,81255.97883455157,79289.13529310162,84822.58217969388,82692.54738422444,81345.83237212735,81736.59040089168,79344.2663345061,80718.12872283507,180833.86631733974,181068.84848144744,181537.421750907,181759.89583294772,181597.75538523405,181869.734809673,181545.38262477893,182032.03935971874,181973.47916523408,182825.8048084894,183187.63654980125,183340.33194669953,182855.50097826764,183229.80971846537,183233.89523724696,183633.94295668934,183454.53869666185,182867.56201684903,183808.06087483102,185067.17612874365,184307.07226449656,184236.15467642844,184951.880326177,184985.5803784421,174192.23768530952,169561.74540283627,173861.06742399532,178131.99536068304,175046.67263682777,169645.334907216,173653.7406673302,176654.37462587617,174435.15980101435,173681.12352904154,175440.724837737,175836.71919671659,137871.5881574311,137825.58870811661,133172.63452963554,134042.41160071423,138551.04603734327,136721.81384974314,141522.41534824335,140345.71096769534,138953.71829215437,139235.05368658478,137618.86065571397,138694.47564353494
32.0,7.0,1.0,50148.31498342172,52770.082597959496,51488.47288392234,52987.45168177462,46677.33047045988,51101.228224858445,50703.48317029721,48116.350252876975,51298.83913990298,51672.547739504116,50184.71262598237,50490.426405863655,51635.086451924835,54257.05691544831,49496.489214318324,50081.72051435296,50960.3560745526,54762.43733419748,53682.25751816661,53249.46857206857,52531.50590155038,53106.09328236832,52342.74658524788,52759.29957795566,105964.878160219,105746.50658255706,105739.22062146048,106224.97404428128,106660.03767296573,106262.74033736771,106844.66071801085,106596.45608093646,106789.53788169315,106597.9880593728,107033.19661426096,107168.66257185646,106944.52608982015,107100.47012750336,107198.10951106179,107133.38808612023,107344.85332747544,107432.4356954007,107442.3229848731,107660.5179688587,107697.40418224905,108140.4749847833,108043.94833986103,107913.5866464835,103263.0301185116,105778.84187720704,104499.16429206792,106242.42368778482,100149.150019494,104367.02607028335,104275.64005097825,101554.27883135086,104828.26383132227,105117.38459105398,103849.8833941379,104197.97023840783,105253.88073937921,107962.53989232791,103245.6715287561,103788.53747403118,104769.9981999165,108611.70314510034,107523.88193330957,107207.63305342493,106521.29502981108,107330.76309457015,106517.09578923328,106849.6422241481
33.0,13.0,0.0,85914.49543107313,82968.50471953473,87316.12930338216,82925.9691232368,84477.40099197884,85912.48237787149,79197.94310444548,83653.05084054139,84919.44561134018,84447.65634424971,86085.42537115437,83875.79196915468,87255.11597202266,86826.23769435822,84032.03076448188,86123.65557560208,84102.3840685535,87378.33293551362,86644.4117303857,86822.28107424123,86847.13102705029,81800.66424213916,85672.62341158975,87040.0719211485,193489.47045752677,193975.8327752357,194616.01779687442,194395.76253336368,194478.7842783597,194830.6792180104,195080.75268830152,196084.15543114083,195490.75843622623,195376.37270188806,196163.38721510817,195655.00626081362,196705.16695192846,196532.83175246333,196480.69785490804,196418.3996921388,196416.19363799834,197073.5895466766,197280.74059188602,197500.35824674123,196800.38120239516,198151.65527047595,197171.21143465384,198240.50003433085,182715.42364315302,179993.41080894947,184656.06580386753,180178.6224976373,181745.9903484138,183366.2469232669,176788.73701707993,181737.48169852246,182708.16049055135,182182.62058185018,184212.94602058793,181735.34225067336,185647.0895800683,185130.00067800735,182322.08946958574,184383.71565786557,182353.40087843346,185965.99535515058,185324.2238922803,185611.8712966843,185282.6958804385,180905.5653886899,184306.88612150177,186205.49032198548
34.0,7.0,1.0,45979.75617438867,47806.58447383549,45697.00304720288,46161.28575300164,46730.02221298697,47542.54415701253,47193.171555925364,43844.43073729552,46332.347639541025,46395.876118755376,45813.649210788804,45823.436962100495,50002.445393793765,47092.91681070971,48593.56637414516,48812.582531475455,51099.92974473055,47853.83114540534,46948.43032013619,47110.49745228338,49781.174617221266,48199.36526781184,47849.12584191512,50333.106307922964,103882.26914802418,104447.77231742961,104557.94635345436,104704.03012123982,104740.76672665632,104668.36620805807,104804.85773922753,104391.46605589717,105176.0752939693,104830.77589860604,105378.96370399652,105004.16223638254,105044.6625630702,105551.49872439145,105168.8301754777,105445.85012443294,105496.88444621784,105528.89916079184,105391.41021241226,105468.00516540033,105470.8152352542,105813.90488563613,105742.17436424716,105945.1191788141,97961.13581194823,100077.2255808698,98024.99054187289,98566.27024112934,99153.1442723755,99945.21639297731,99656.54347714594,96100.70014692408,98971.33100689264,98858.40067402474,98566.26378270176,98361.97763059288,102595.34603541021,99931.0800536217,101221.17428955523,101595.56714342629,103907.80721681795,100673.96959840086,99715.62529863608,99907.44580132053,102578.65728602109,101154.25116821706,100772.74442232035,103361.58315109006
35.0,7.0,0.0,65063.9018795584,63482.68575122933,64709.92461747438,64976.18862444197,63634.145562894846,67660.31562720833,65402.577014525756,63966.711062164315,66290.83478229474,66872.28670119576,64288.831819756924,64694.518405014824,66148.51162304137,63925.90655761553,66401.40229783005,68620.88248767857,66622.18780662667,66068.39169953855,69332.88859415326,65728.34189213692,66196.18732961162,66929.8500262335,68789.31458845355,66198.1256742032,109813.34744542316,109274.66799366563,109784.58755141323,109675.09109989692,109677.81779652572,109825.5904639209,109784.52893756515,110077.82939942079,110142.25133942997,110070.38172905294,110318.04865720416,110269.94745789321,110775.28386087877,110580.03624826575,110214.482318119,110569.19130037453,110672.19452429646,110800.84593970906,111052.66645554846,111026.40580566594,111425.7746586505,111169.53010330677,111336.97436349052,111299.67374854714,120064.52087041987,118189.40253677437,119683.0687336857,119884.9918133999,118564.18200965566,122658.75665104215,120340.18671359813,119084.33979804201,121455.92961816902,121990.39646101008,119536.48414545484,119907.47663882215,121621.9155954567,119304.85994766727,121587.98969870775,123991.4509783056,122035.20055934931,121553.41670663482,124936.10674414923,121324.3968295362,121986.29892113546,122599.780720712,124538.03537891082,121928.79946010803
36.0,4.0,0.0,28577.856470069775,25497.907043758587,28058.239155846695,27570.572572702968,25146.707276747686,28155.407689829746,25529.891477741498,27901.680538477907,27589.221889095472,27736.117021838887,27575.488458236923,26615.066982465934,28513.802216735887,28756.888441300955,29086.785432980592,29121.848567464145,28182.62373803218,28377.443743610227,28215.049109330725,27837.148158800253,27902.77159034698,28645.707210324013,29102.81040271085,27102.097014551477,59638.42327661778,59682.39003512307,59702.126115934836,59870.60657666825,59897.47521784908,60130.170761109395,59861.53820881353,60034.07927590753,60108.80037101134,59971.30839459764,60055.49049685345,60185.9757347264,60291.58425590676,60288.56497820076,60212.26160269895,60550.30496307593,60331.17374036075,60443.60034671455,60556.55479754148,60488.34217255233,60805.8607304328,60636.41269654789,60795.79821383458,60851.41594515203,58448.84435652194,55361.3261558433,57942.38951218673,57541.312187585485,55123.89337596752,58242.473050530876,55499.70085066374,57924.28537993201,57669.02592548043,57759.64766332756,57648.696947116354,56743.270470481504,58685.78287811275,58920.88270137447,59232.69617401039,59413.3160966998,58368.08053283946,58634.40600636266,58499.74403286291,58105.276723605304,58319.07129477314,58997.95619388311,59533.61589360658,57575.80648454579
37.0,10.0,1.0,81436.11236422391,83304.46269845583,85569.35829583908,84307.10241933746,79364.9687512056,76759.46362097024,80495.54494307055,80427.67371915562,82855.29207913305,81758.74742243817,81144.96452689124,81589.03093106132,80264.41342118205,79016.77020689989,82559.05836971059,82381.46246426486,82890.00314969778,77308.07398582023,79918.12817903142,80194.9614990597,81822.1081685861,86482.19878793381,86629.07158026697,82870.28012499282,152578.85245560118,151788.10703107718,152944.49768273634,153027.9138615797,152673.99671654837,153188.71377859745,153680.57502677393,153291.29044369675,152967.18708471677,153374.75082436617,153077.63760591333,153304.03189670763,153643.43797111258,153290.13024977376,154268.9855336779,153867.69410988825,153821.0532438122,153654.93110352347,153372.52379948116,153459.29589944056,154144.8538020062,154221.64365805892,154068.19221164126,153699.00531333082,157796.2047308418,159261.16571250485,162100.5536500662,160905.52736626187,155768.85783734985,153453.7185390678,157410.94595681244,157136.60338100695,159401.63290820186,158510.82181347354,157770.45975202805,158322.937265299,125751.89774182312,124620.97864945311,127845.86234391487,127527.05785772872,127924.89656515227,123394.91680263581,125356.87580844575,125610.08105824846,127208.01509524349,130963.9451118902,131006.36178622101,127861.48983996433
38.0,12.0,1.0,80410.3036453573,83493.2923796837,80281.94089515231,86307.75913034155,84082.62723035575,82515.44455053522,86521.0896523917,86926.90160591676,82911.86491882344,84341.42833952606,84632.81570299085,85749.9994127351,81225.5581122291,83279.33254554651,85928.88921246225,83031.93708805992,80754.88666851063,84225.61935752908,84275.08394833737,84638.55550131344,82116.37877050546,82774.3732873078,86633.87586133496,84756.28704350886,178746.6618433588,179306.12770104787,179129.7411316348,178819.97455731622,179004.3293524702,180160.05804654016,179547.748631632,179652.5406107854,179744.12765375746,180564.04106824606,180319.32125364357,180170.26182920448,180528.94365185496,180778.85642735971,181019.60446207292,181097.56496040162,180353.3391892727,181124.30289453096,181232.90282115023,180613.0540564589,181734.01003411305,181492.49291131258,182226.64770019718,181683.92796119975,169932.10951249138,173283.4099452173,169995.21155435353,175865.67259692782,173736.32432702355,172717.26827700651,176438.68075664662,176886.77491671668,172909.720216074,174752.08959459802,174937.93075179402,175986.5966704563,137322.2695867135,139086.14917480215,141283.13646255198,139011.44487730428,136868.85434174942,139986.4965765647,140040.8986106008,140100.5041157266,138530.07811172714,138957.07033748532,142353.9237371967,140614.98748888672
39.0,2.0,0.0,20158.331878863322,19444.373495218624,19541.38382027442,20542.04518469784,20518.627931860017,19866.51391900168,19931.159997449708,19259.730311841096,20119.933856658572,19895.085833472338,19343.42304582512,20423.037153853795,20479.252384579562,20796.10640462557,20914.316172150993,20251.02076717009,20786.819267571704,20362.834695923917,20562.710156830068,20476.1006770808,21073.921418217713,20052.52894419713,20052.614659752522,20071.28655808244,31137.66922762611,31013.808802969183,31082.61107840704,31151.23807019906,31128.96116981138,31071.142089432655,31261.904853877877,31119.024149255103,31204.802994713493,31250.108189392835,31180.23402349247,31223.546889516954,31298.76113126635,31401.517776840577,31412.112863400987,31353.7263525203,31316.924113820845,31300.59946393755,31470.046403888824,31406.88688386049,31438.755197017057,31420.62397311995,31577.448425526294,31498.97992408088,35784.35618666519,35015.961112091296,35155.48387369491,36206.55879214053,36150.718376407545,35465.891934995794,35630.43190165072,34897.39328243152,35786.37522361174,35603.421167974855,35009.22683335773,36097.20378531019,36205.462092138,36577.63203136478,36702.54610752643,36011.194444302906,36519.66222205208,36092.28141820607,36363.05713066158,36243.99767561881,36881.425430005926,35850.48523240407,35901.39745766661,35895.049409221036
40.0,13.0,0.0,60816.406007141275,61807.9439726739,66240.09261326042,62565.7320313543,63911.111488498966,61682.92246853644,62818.05386156666,58191.9884315898,67606.01603958292,63527.20486545578,60423.17939343309,62496.2074299735,59581.769607787974,65255.52020400505,69212.84189681313,71597.0749619981,68222.57021651104,65505.00712369489,65888.76651432729,69574.7586693145,62841.646403174826,72022.48416977655,66160.39621483206,65775.34676262818,199584.3077221079,199096.04831368252,199552.07424990233,198947.3026240941,199430.65452366046,200198.15521735518,200644.86451737556,201219.28681364033,200511.35650676466,200711.88568568195,201085.96919794127,200784.4636526296,201668.09830718706,201729.99930681803,200682.3390625832,202140.5033597585,201025.00791739082,201626.21691962652,201671.06064285806,202168.7712120188,201766.3480343514,202100.42296420288,202897.20017333658,202414.4283873956,160760.73037977715,161512.0330214955,166156.85336020094,162201.87628382005,163761.7356463909,161932.57502312667,163296.39257189617,158971.57394260462,168010.80074337646,164053.8340393915,161102.23926003926,163050.69357489643,160561.03456376988,166267.46966984525,169715.3762067836,172808.36628316305,168884.69821538415,166467.77479840454,166879.96268331938,170803.3282509848,163880.84628068854,173228.17633195617,167763.25308472107,167153.65186532564
41.0,11.0,1.0,62256.755424867915,64908.33041166854,63675.40582419213,68510.62979491704,65114.31508843944,66823.20039480978,67235.17921088202,68335.34715913692,63234.06662180726,67895.42418228945,64426.83529289184,68141.68798589698,65219.63023691103,64598.54175365487,63470.75143438028,68740.42759847523,70749.54175514351,59271.69596275733,66134.18771518645,66543.08769090875,63357.45130861182,68541.8989506335,69577.63032972584,64195.85479276511,166763.6600317719,166693.06383691978,167103.4077739623,167446.83330584216,167360.700902078,167444.6923046728,167568.89569474742,167772.99891629416,167368.44258771944,167638.8834796511,167387.9995491706,167633.079786841,167751.9886289771,167114.43354381694,167724.41189453367,167672.1157703964,168624.20328842066,167746.61612809944,167709.30967470905,167899.05555611922,168146.27702934772,168504.07761877315,168293.1747037945,168060.11379023557,145747.21665946962,148359.2529182332,147336.10517312447,152330.75220010927,148895.76008136067,150677.38644325858,151122.49590332466,152345.22884324956,147025.9156416383,151811.8401332584,148226.98195946525,152052.71427770125,119370.12349907876,118616.88362049298,117964.4000691334,122182.98126648614,124164.60532302594,114619.68140189705,120100.34155741657,120500.62328355778,118053.39792594165,122344.37816892753,123098.25348507531,118702.28512896354
42.0,9.0,0.0,72302.17996912565,72516.24693932149,69742.84317383482,68959.55261529765,75685.33117207799,73626.62979942163,69980.67721925919,75461.72908965836,72494.87538398633,72285.5451914321,74792.52533412835,70136.02667563611,71116.40869344155,71060.36183038216,73279.40138646092,75333.49141200384,74644.69230372868,72667.83271809286,73125.42910980755,75075.40761163805,69454.6246295448,75774.90301551776,73747.95585583268,74080.40086627062,133159.68257577997,132844.6222301059,133314.6400763321,133594.7683873891,133394.19068639478,133884.7640583399,132759.16512746565,134018.59350939386,133532.01236934404,133725.69941537283,134147.9933419736,134019.0339633575,134090.38151843188,134575.847877199,134291.95630220475,134803.51169141644,134492.24983412938,134682.0543513259,134450.00915503406,134633.2915605572,134409.44234650367,134891.0317324257,134962.08677760826,134997.98318566702,138891.1328440471,138944.73821735554,136392.22543643822,135764.9277165149,142393.4349428717,140558.81899969414,136368.78075826718,142459.9775465219,139268.86475312526,139132.34946031045,141872.0559023072,137145.2807603858,138154.9885820567,138353.57099426552,140432.44545842247,142740.2467493369,141886.52116715867,140020.83963598625,140350.30853263676,142370.91197780188,136660.30257446144,143209.3148191661,141232.8595665036,141575.26261359153
43.0,11.0,1.0,67608.16078844467,67992.23842868181,70510.32132724187,66370.85512134204,68951.1342929011,67445.01095795585,68438.72020342042,64117.342443426925,69080.53023024155,67708.97866338953,65200.46655461024,68987.46681567932,65454.32711856207,69872.68922580028,70810.73097396371,70523.85397836057,73832.26868532652,67737.35932989532,72885.15718934611,66774.83428460812,70280.60642213716,71533.42896893072,70059.16412594222,71893.13527013494,171234.048582035,170393.2992452012,170624.05684492394,170744.00342184017,171260.84936512852,171132.2033819409,170891.44671693983,171287.9834163588,171798.0289653533,171020.13977475575,172077.05955689983,171261.74822905034,170869.6093901146,171487.96598454544,171884.8637053039,171693.7109979786,172295.46560836074,171839.80832140098,171861.51190075767,172027.55778895933,172173.48700901808,172543.42758267038,172363.65931389533,172338.4215402471,153245.79916873507,153222.87065292808,155844.13506419558,151748.46487293148,154602.67967618667,153036.45024395693,153924.6505974441,149776.59631210868,155015.59041094774,153245.28869283892,151265.65395271435,154647.89920376835,150918.94796945126,155643.92523680016,156752.59116452708,156400.45775537775,160011.345462924,153665.78348278877,158833.05633850122,152823.09968282838,156383.51875729693,157832.51312388212,156255.6620771265,158103.05212704305
44.0,1.0,0.0,6729.896970791004,6715.585187842902,6441.882037323915,6347.774722682633,6461.043322101305,6347.1748489121455,6670.166247662348,6807.380252240463,6760.575529229475,6857.022214511292,7015.2486258891195,6801.720253119086,6717.1949146763545,6848.705150716378,6865.098101122291,6749.811970819226,7065.161695372839,6713.442626460693,6767.815364997872,6728.134815156607,6901.877419117124,6925.662416162912,7210.768564392936,6922.697743419775,14741.287893996949,14718.748105937977,14742.117499063655,14738.80750603398,14793.973212027595,14735.693876638645,14781.37413030841,14772.937301667358,14794.170576161552,14833.797246932296,14812.456969787274,14756.809988297302,14787.6305833668,14824.902949110397,14835.363877441234,14800.834166370954,14857.642939407935,14831.030445912756,14863.470826170847,14896.484353513304,14859.34104275894,14894.109228226273,14871.138840069007,14896.880458380654,14295.642614217059,14282.220127197623,14007.055051391502,13910.104838067755,14059.987805167555,13913.652461108575,14258.476868004844,14371.802371466621,14334.060537285752,14484.858634977409,14607.975850472298,14388.933799824135,14316.906739925422,14452.017122372488,14470.923532756178,14341.800657239855,14681.891396797315,14319.631359763702,14403.668656956686,14375.371371590027,14532.999887340255,14564.8205662744,14845.560733551169,14559.06395874951
45.0,20.0,0.0,188142.21706697374,184811.83964179404,191414.23986371903,196726.43882554065,187122.28541448998,178315.9261617214,182455.4040645725,180439.06147666002,181782.12088932903,182531.68322354346,183000.02227614657,192572.205796977,190275.30571700612,188972.77372884564,187743.08644892732,186280.54584166937,183845.21964426545,186956.1620420434,191775.7083666036,194814.96103780088,196114.6618757598,195911.09486097604,194464.276821154,190924.7341023151,299681.37815904507,299431.1990963409,300462.5869722616,299863.786781514,300472.13243728416,300470.46422710497,300355.91786470526,301594.08598163986,302345.9150597769,300588.63586940605,301555.9879660679,301805.3553139656,302159.0126214924,301929.8683403624,301557.88849754265,302414.8448027156,302675.1148532566,302351.3891941389,303306.8635526056,303769.6761434875,303842.90624391905,303787.46905533184,304143.1337904209,303482.1481825468,337999.1559013231,334537.5387236027,341627.5433271352,346659.8747303078,337365.0315672829,328559.64628874,332614.19620914175,331246.10384788027,332979.73854112305,332814.8400445556,333786.3047127035,343479.3520176916,341364.1552913298,339943.4925237719,338539.8240442943,337489.42398317216,335184.5495834599,338133.97521289584,343428.87970819126,346711.71639811917,348022.71503113303,347805.30117813015,346550.65509191586,342671.48587668606
46.0,14.0,0.0,116368.35453359068,118927.35575769421,118181.62795434218,115766.58248503829,114241.61049390823,114231.9995798098,112156.40504586788,112492.7105865977,115531.09092081385,120206.27266744133,119842.3922567286,117504.05301144476,122517.71948823163,123511.3117864361,117684.54294182613,116118.53285067112,123155.20260320819,119171.24105274325,117332.57372691654,115705.6550863362,122347.80210926895,122018.27997535079,120933.7778382878,124982.44387256888,210264.29004840876,210652.5927395427,211019.10292354063,210427.32665175997,211287.80015405625,211896.88612864623,211379.7278787242,212440.18639079583,212739.99315474258,213009.99120219075,212530.95426321644,212616.91405765913,212746.0190962244,213264.37423634948,213052.78574678383,212844.0626293055,213472.05089927276,213314.47745068438,214395.07796712837,214387.10005890435,214301.49132481773,213752.5670089703,214148.50550706155,213206.6605377081,221594.22123638162,224347.0295343198,223780.7692079313,221068.60990744544,219992.77173389425,220264.59853309233,217938.5954119421,218810.53606129877,221992.74653596533,226793.2478571806,226194.92969169005,223898.7122470304,229003.42563090526,230241.64601768422,224309.53958013043,222648.72388989682,229975.23418896602,225931.54911301876,224632.88508459894,223000.6281541172,229600.3633689986,228991.51824503866,228115.8990184948,231687.35484031463
47.0,2.0,0.0,14468.024270000104,14518.87124851692,14993.731796208564,14188.24893347623,13999.961704104728,15012.025725524541,14588.425494012201,14945.56312653376,14951.366587668135,15037.7184899104,14948.326445498253,15370.856323597156,15038.908844388676,14347.185269123662,15334.486391648019,14435.305451909397,14480.072039599947,15040.947379441059,14841.58878214012,15793.86646435126,15379.608733708536,15396.664906859143,15698.478914910856,15170.793076280583,30319.675454653792,30300.83927188717,30265.33864646223,30329.735116746924,30469.264924324434,30454.45898297801,30438.00179244727,30589.1919256631,30498.328784156776,30520.09982708596,30537.639232113288,30615.609429792286,30621.595357588223,30771.459060885973,30605.319158073034,30605.373437339214,30612.55874953692,30683.593033365716,30845.46973300491,30880.329717910685,30842.15858277946,30854.94358274604,30940.844607891086,30845.11605504474,29768.045744444862,29812.584820241285,30251.558813599855,29498.037134842423,29376.229256236806,30372.527345835213,29939.43810141756,30363.853185957112,30345.294053686895,30432.295645964252,30338.62080454852,30824.553104660532,30489.13172559059,29869.647323510795,30799.993974695528,29865.45517267814,29929.765579774456,30506.307849792633,30403.892855794966,31348.76305862796,30943.494106826656,30950.583191228117,31284.42352739246,30717.35753479047
48.0,3.0,1.0,22208.600868172827,23157.638729147602,23369.518963376835,22962.55725733766,23099.904068800217,22855.86526408055,22835.687144456617,22725.58399870596,22791.740318879758,22625.67939301429,23366.5875851127,22440.5420562306,22472.726115848192,22347.99985955717,23879.91360265557,22120.415273478095,21818.047944860155,22728.360639871,21826.097939626132,23474.493685413905,22156.514612101597,22213.869461188926,23404.599709232625,22698.08091303922,46522.82967509514,46205.95294836981,46336.878537744495,46490.88771746258,46442.3631021426,46584.582979314655,46681.152399751554,46732.14377262914,46838.533857019494,46882.45480426846,46866.94720879049,47132.19165744481,47015.652762288264,47021.246458634945,46802.77855406676,47039.580940320244,46892.54810762418,47239.953466282626,47203.76286569489,47128.88221360207,47441.75270955363,47369.99228016585,47559.40125020166,47301.34479687307,45629.6797887441,46438.28735414082,46713.061356206,46372.20447249572,46494.27034534387,46309.297952160785,46345.10830745559,46253.530230344026,46372.13763733007,46237.56066413613,46978.72505459994,46185.63891262301,36953.67473746722,36856.704120227994,37995.70514433755,36697.83007367298,36374.520902133445,37240.105631021645,36506.09603279548,37803.096176364925,36877.394463368546,36891.538947892856,37915.77280055561,37255.46105222809
49.0,3.0,1.0,24030.277920932833,23045.58628469459,23029.077846154018,23307.95358464896,22065.434978663467,23635.671818896266,23155.462568585797,22935.174011856252,24742.304973733608,22875.840736270213,22093.09536118275,23705.814838962753,23274.771701660953,24439.544087892365,23280.795780711822,23805.605739854556,23984.223598024506,23549.643402652768,23519.268053444728,23060.658803466347,23798.18502735739,23275.6131014159,25192.1115510774,23839.182573857976,45223.500407145395,45047.38034325203,45377.92344118694,45049.55876532843,45238.795119785726,45364.20790463401,45494.17441456023,45418.767415535294,45540.604483637784,45442.19698367471,45665.965127244184,45540.102005619505,45503.288955381555,45567.07714165166,45636.646838910274,45713.97826386719,45728.36306208217,45851.784461646115,45865.2314936101,45797.9261564546,45885.13009832191,46144.1247854673,46026.61926133371,45931.54939703504,46777.78087171484,45695.920729743746,45845.225366425955,45953.78604030749,44804.70128232811,46438.53813012062,46023.58399297454,45766.949114159754,47658.01577672231,45727.53525071245,45060.7708287288,46603.5762539216,46153.52162699669,47376.96504027482,46231.296377104176,46780.19117449352,46985.188008526864,46619.15477748426,46582.91991008987,46091.09006483164,46869.388316108605,46472.03935414839,48331.267987766645,46941.962611391245
50.0,6.0,0.0,42509.25653697945,43919.13928749594,41677.84374962543,41085.23987932811,44307.29528127178,43225.62489065863,43315.899220352236,42355.312413449086,42055.99613078753,42436.55448583374,43133.00775982761,41791.15707605719,46638.56223402474,44992.99201386179,43263.70070664657,42892.47341753129,44473.50668954903,44158.81747468988,44256.050958415755,46763.51230769233,44364.997685460745,44531.04810145318,44561.1541021701,45378.84846364106,90632.13413973726,90681.52072964252,90754.89792545812,90729.8060554332,91023.88761902349,90861.08248497707,91156.55377427881,91061.25885889084,91414.7293418636,91092.3296767042,91341.5611487278,91104.96868039721,91241.16057409336,91540.13624233646,91284.23105419242,91441.836145149,91605.01762026161,91687.06526854956,91493.33506034578,91505.66292501501,91574.71090263517,92293.02565732389,91798.92479407202,91933.408251718,87889.21438005648,89332.62171003198,87122.07106291497,86517.40672232461,89897.35194832041,88737.60473606421,88961.62191206314,87952.94580549966,87836.35196555004,88062.62809902144,88875.02515635922,87405.46628475407,92331.24561373016,90834.91038819772,88974.25945245297,88668.01580614108,90351.13436318187,90087.83120985447,90083.93159939894,92579.37313535919,90218.69059202532,90742.775326083,90536.06756353365,91408.8244751614
