firm,month,firmsize,treated,salmon,shrimp,bycatch,treatgroup
1.0,1,15.0,0,233920.106237188,141549.7395434114,258590.7540920096,0.0
2.0,1,4.0,0,62081.67581102113,31602.935851438717,62770.883309420446,0.0
3.0,1,13.0,0,190780.38629727735,120138.57929729506,215556.64461577885,0.0
4.0,1,7.0,0,105396.00857529264,63118.19160155645,115988.9450945951,1.0
5.0,1,13.0,0,201627.1641766882,69647.19632514821,170494.0889970403,1.0
6.0,1,14.0,0,210430.19429009457,88901.95587143539,194163.05286056863,0.0
7.0,1,2.0,0,30503.709250623226,12648.48013651954,28049.706993129334,0.0
8.0,1,11.0,0,169786.43977045562,72608.97155060233,157603.66739451987,0.0
9.0,1,9.0,0,138541.21142884056,64671.16852529752,134030.23191292674,1.0
10.0,1,11.0,0,167131.20023785622,71602.74431774931,155295.6789437604,1.0
11.0,1,7.0,0,104455.38665939096,46207.28508455242,98555.18495431024,0.0
12.0,1,15.0,0,218311.7724610152,123564.28962552574,232878.0810880737,1.0
13.0,1,11.0,0,174117.89592887682,94761.52528178388,182008.4102523061,1.0
14.0,1,5.0,0,76733.55222860488,37066.6758401221,75591.73854813253,1.0
15.0,1,9.0,0,136325.0757019914,56484.29032789451,124725.73923405008,1.0
16.0,1,14.0,0,207539.8448195934,115373.60581176696,219283.289046574,1.0
17.0,1,10.0,0,155863.04112162962,84898.35719174962,162919.7617448236,1.0
18.0,1,1.0,0,14958.6975653639,6970.261601603247,14606.6357446684,0.0
19.0,1,10.0,0,152530.08322975415,88075.33435345613,164496.58422858905,1.0
20.0,1,23.0,0,336241.4233111248,221300.8114983368,389526.3710603984,1.0
21.0,1,1.0,0,15055.583731075523,10782.800635687066,18340.445450952226,1.0
22.0,1,7.0,0,108389.39774596294,59874.14468630794,114059.94427845292,1.0
23.0,1,11.0,0,165413.08359423277,92636.23539862722,175432.64726622283,1.0
24.0,1,15.0,0,232915.5888843262,98991.23786979524,215548.5438876708,0.0
25.0,1,16.0,0,245721.32832854893,88739.55767132269,211729.23620830444,0.0
26.0,1,6.0,0,91314.25407193108,43842.471093062166,89631.44946007666,0.0
27.0,1,15.0,0,227654.6220994976,131770.64794965897,245648.25519911,1.0
28.0,1,8.0,0,119077.40204009275,58643.43802456508,118198.66022758144,1.0
29.0,1,14.0,0,213411.09125077497,92973.847877156,199775.3280440261,0.0
30.0,1,5.0,0,72774.25782868899,41488.73213172413,77862.06288330127,1.0
31.0,1,12.0,0,180833.8663173397,83625.61911092144,174192.23768530952,1.0
32.0,1,7.0,0,105964.878160219,50148.31498342172,103263.0301185116,1.0
33.0,1,13.0,0,193489.4704575268,85914.49543107313,182715.42364315304,0.0
34.0,1,7.0,0,103882.26914802418,45979.75617438867,97961.13581194825,1.0
35.0,1,7.0,0,109813.34744542316,65063.9018795584,120064.52087041987,0.0
36.0,1,4.0,0,59638.42327661778,28577.85647006977,58448.84435652194,0.0
37.0,1,10.0,0,152578.85245560118,81436.11236422391,157796.2047308418,1.0
38.0,1,12.0,0,178746.6618433588,80410.3036453573,169932.10951249138,1.0
39.0,1,2.0,0,31137.66922762611,20158.33187886332,35784.35618666519,0.0
40.0,1,13.0,0,199584.3077221079,60816.40600714128,160760.73037977715,0.0
41.0,1,11.0,0,166763.6600317719,62256.75542486792,145747.21665946962,1.0
42.0,1,9.0,0,133159.68257577997,72302.17996912565,138891.1328440471,0.0
43.0,1,11.0,0,171234.048582035,67608.16078844467,153245.79916873507,1.0
44.0,1,1.0,0,14741.287893996949,6729.896970791004,14295.64261421706,0.0
45.0,1,20.0,0,299681.37815904507,188142.2170669737,337999.1559013231,0.0
46.0,1,14.0,0,210264.2900484088,116368.35453359068,221594.2212363816,0.0
47.0,1,2.0,0,30319.675454653792,14468.024270000104,29768.045744444866,0.0
48.0,1,3.0,0,46522.82967509514,22208.600868172827,45629.6797887441,1.0
49.0,1,3.0,0,45223.5004071454,24030.277920932836,46777.78087171484,1.0
50.0,1,6.0,0,90632.13413973726,42509.25653697945,87889.21438005648,0.0
1.0,2,15.0,0,234200.42560375863,134325.07377680377,251499.39137443705,0.0
2.0,2,4.0,0,62242.50398404396,33156.70955620103,64408.288580533605,0.0
3.0,2,13.0,0,191146.15638715707,116622.9833716612,212237.8506584918,0.0
4.0,2,7.0,0,105261.53860710548,63648.39967512324,116428.64509363016,1.0
5.0,2,13.0,0,201824.22489745883,69514.57504904272,170437.21076359585,1.0
6.0,2,14.0,0,209047.37616765132,91455.33332925984,196038.1577500864,0.0
7.0,2,2.0,0,30457.62277036111,12699.614287271432,28091.3994447162,0.0
8.0,2,11.0,0,170294.06637779038,77897.62651371455,163129.68296777937,0.0
9.0,2,9.0,0,138388.40716291216,69222.3830748477,138514.47635084845,1.0
10.0,2,11.0,0,167529.08179798114,69545.46988691283,153424.91130490912,1.0
11.0,2,7.0,0,104452.21789737948,46824.22909031912,99192.76867350674,0.0
12.0,2,15.0,0,218587.3333991629,124225.64700747991,233663.6646157607,1.0
13.0,2,11.0,0,174215.8390763425,92556.41470939267,179857.47291811422,1.0
14.0,2,5.0,0,76484.83364910951,35554.92916693708,73977.30032190737,1.0
15.0,2,9.0,0,136013.83982647577,54197.27376081633,122304.54361331294,1.0
16.0,2,14.0,0,207039.94819711772,112993.973223722,216659.93699126437,1.0
17.0,2,10.0,0,155508.40493007033,79015.51548900008,156872.96968143526,1.0
18.0,2,1.0,0,14925.086832391138,6724.33531167828,14358.77060670942,0.0
19.0,2,10.0,0,152701.5815568211,88272.39447175188,164789.6940867261,1.0
20.0,2,23.0,0,337081.9800238215,220423.66115987103,389042.5991001871,1.0
21.0,2,1.0,0,15096.815215948063,10427.249511615062,18025.06125408069,1.0
22.0,2,7.0,0,108169.20306910136,59300.4006001489,113406.84497715168,1.0
23.0,2,11.0,0,165576.99102856187,95592.23370384071,178472.5273615832,1.0
24.0,2,15.0,0,233180.16538479328,94441.56555033015,211137.952083472,0.0
25.0,2,16.0,0,247018.2289956741,83578.84899049495,207227.04338628077,0.0
26.0,2,6.0,0,91303.20493441384,43172.92421166928,88957.73409821485,0.0
27.0,2,15.0,0,228217.01516892423,130681.00899914755,244843.9732969129,1.0
28.0,2,8.0,0,119586.34505824238,58062.27353194309,117896.01242849376,1.0
29.0,2,14.0,0,213714.67919210088,98363.78470369068,205335.65928914424,0.0
30.0,2,5.0,0,72971.98863600074,43504.2554852319,80012.79573791075,1.0
31.0,2,12.0,0,181068.84848144744,78868.97576525387,169561.74540283627,1.0
32.0,2,7.0,0,105746.50658255706,52770.082597959496,105778.84187720704,1.0
33.0,2,13.0,0,193975.8327752357,82968.50471953473,179993.41080894947,0.0
34.0,2,7.0,0,104447.7723174296,47806.58447383549,100077.2255808698,1.0
35.0,2,7.0,0,109274.66799366564,63482.68575122933,118189.40253677436,0.0
36.0,2,4.0,0,59682.39003512307,25497.907043758587,55361.3261558433,0.0
37.0,2,10.0,0,151788.10703107718,83304.46269845583,159261.16571250485,1.0
38.0,2,12.0,0,179306.12770104787,83493.2923796837,173283.4099452173,1.0
39.0,2,2.0,0,31013.808802969183,19444.373495218624,35015.961112091296,0.0
40.0,2,13.0,0,199096.0483136825,61807.9439726739,161512.0330214955,0.0
41.0,2,11.0,0,166693.06383691978,64908.33041166854,148359.2529182332,1.0
42.0,2,9.0,0,132844.6222301059,72516.24693932149,138944.73821735554,0.0
43.0,2,11.0,0,170393.2992452012,67992.23842868181,153222.87065292808,1.0
44.0,2,1.0,0,14718.748105937975,6715.585187842902,14282.220127197625,0.0
45.0,2,20.0,0,299431.1990963409,184811.83964179404,334537.5387236027,0.0
46.0,2,14.0,0,210652.5927395427,118927.3557576942,224347.0295343198,0.0
47.0,2,2.0,0,30300.83927188717,14518.87124851692,29812.584820241285,0.0
48.0,2,3.0,0,46205.95294836981,23157.6387291476,46438.28735414082,1.0
49.0,2,3.0,0,45047.38034325203,23045.58628469459,45695.92072974375,1.0
50.0,2,6.0,0,90681.52072964252,43919.13928749594,89332.62171003198,0.0
1.0,3,15.0,0,234390.03773507412,139408.53704336038,256656.99934472545,0.0
2.0,3,4.0,0,62019.605264190846,30269.226226701696,61419.54368520356,0.0
3.0,3,13.0,0,190901.17669393547,116040.81862451832,211510.89713062477,0.0
4.0,3,7.0,0,105339.42990902589,61308.85969880882,114153.4661302363,1.0
5.0,3,13.0,0,201316.5020577732,70000.00115202865,170705.00191337298,1.0
6.0,3,14.0,0,209296.6219935775,95370.8593372116,200065.8414075449,0.0
7.0,3,2.0,0,30614.82015134289,12794.632979846794,28256.931580328448,0.0
8.0,3,11.0,0,170286.5387784986,75125.42906820717,160360.3147517345,0.0
9.0,3,9.0,0,138048.94962000966,67323.5685387871,136432.94229150488,1.0
10.0,3,11.0,0,167189.61913609074,70278.49153233394,154006.18127340748,1.0
11.0,3,7.0,0,104672.5614684922,46068.53127304375,98535.23669145266,0.0
12.0,3,15.0,0,218513.33186307925,118748.7551497471,228135.81772838117,1.0
13.0,3,11.0,0,174442.7331943816,92119.718859881,179528.24420971057,1.0
14.0,3,5.0,0,76648.55226383147,36516.6583329228,75007.3409713008,1.0
15.0,3,9.0,0,136261.96053122342,57093.687235312354,125324.01939486506,1.0
16.0,3,14.0,0,207270.4150707658,111442.45174734948,215223.3829766574,1.0
17.0,3,10.0,0,155352.76338186156,81720.04102474145,159499.61513770357,1.0
18.0,3,1.0,0,14921.763197482824,7269.822679759059,14890.374449259863,0.0
19.0,3,10.0,0,152647.6822395389,86869.99964409317,163341.27090765478,1.0
20.0,3,23.0,0,336543.9563803264,219243.2839811845,387596.1411467468,1.0
21.0,3,1.0,0,15135.943915253249,9858.69836767876,17446.12341166331,1.0
22.0,3,7.0,0,108222.31760792543,58297.91581589044,112423.72628467588,1.0
23.0,3,11.0,0,165738.46441084013,97584.2724300238,180556.78605804552,1.0
24.0,3,15.0,0,233942.79218514825,98138.69653712671,215220.2720289508,0.0
25.0,3,16.0,0,246834.16546587777,81703.07811309678,205255.49354694865,0.0
26.0,3,6.0,0,91334.85987657032,43612.74835341989,89400.12858825334,0.0
27.0,3,15.0,0,228195.98577433068,130463.0343921542,244613.6308431417,1.0
28.0,3,8.0,0,119253.5111581993,60157.1128324528,119817.06116934853,1.0
29.0,3,14.0,0,213867.2924295196,94670.05207843737,201710.24396926755,0.0
30.0,3,5.0,0,72933.48593215298,44624.6152925133,81083.6995172904,1.0
31.0,3,12.0,0,181537.421750907,82930.70877463142,173861.06742399532,1.0
32.0,3,7.0,0,105739.22062146048,51488.47288392234,104499.16429206792,1.0
33.0,3,13.0,0,194616.0177968744,87316.12930338216,184656.06580386756,0.0
34.0,3,7.0,0,104557.94635345436,45697.00304720288,98024.99054187287,1.0
35.0,3,7.0,0,109784.58755141323,64709.92461747438,119683.0687336857,0.0
36.0,3,4.0,0,59702.12611593484,28058.23915584669,57942.38951218673,0.0
37.0,3,10.0,0,152944.49768273634,85569.35829583908,162100.5536500662,1.0
38.0,3,12.0,0,179129.7411316348,80281.94089515231,169995.21155435353,1.0
39.0,3,2.0,0,31082.61107840704,19541.38382027442,35155.48387369491,0.0
40.0,3,13.0,0,199552.07424990236,66240.09261326042,166156.85336020094,0.0
41.0,3,11.0,0,167103.4077739623,63675.40582419213,147336.10517312447,1.0
42.0,3,9.0,0,133314.6400763321,69742.84317383482,136392.22543643822,0.0
43.0,3,11.0,0,170624.05684492394,70510.32132724187,155844.13506419558,1.0
44.0,3,1.0,0,14742.117499063655,6441.882037323915,14007.055051391502,0.0
45.0,3,20.0,0,300462.5869722616,191414.23986371903,341627.5433271352,0.0
46.0,3,14.0,0,211019.10292354063,118181.62795434218,223780.7692079313,0.0
47.0,3,2.0,0,30265.33864646223,14993.731796208564,30251.55881359985,0.0
48.0,3,3.0,0,46336.878537744495,23369.518963376835,46713.061356206,1.0
49.0,3,3.0,0,45377.92344118694,23029.077846154018,45845.22536642596,1.0
50.0,3,6.0,0,90754.89792545812,41677.84374962543,87122.07106291497,0.0
1.0,4,15.0,0,233701.9795738324,137089.64062184343,253999.2687928808,0.0
2.0,4,4.0,0,62238.17999602604,31556.5080240035,62815.44032876516,0.0
3.0,4,13.0,0,192107.7120600314,109120.56284759578,205195.20658770323,0.0
4.0,4,7.0,0,105713.53762042071,64191.59543553468,117219.480448316,1.0
5.0,4,13.0,0,202148.6126991075,75534.0407394068,176645.41206838706,1.0
6.0,4,14.0,0,210000.05137514055,93487.95790181575,198539.69221890465,0.0
7.0,4,2.0,0,30559.157602434927,12741.782143847571,28169.76813483969,0.0
8.0,4,11.0,0,170801.174936368,72040.06356280594,157545.13556929183,0.0
9.0,4,9.0,0,138363.66431975586,66234.56914397136,135507.7569011151,1.0
10.0,4,11.0,0,167890.62090031803,66298.06900604228,150382.03573684063,1.0
11.0,4,7.0,0,104322.14856512863,48141.12686776821,100427.63997301713,0.0
12.0,4,15.0,0,218659.59931442208,123754.0098463493,233231.79551371068,1.0
13.0,4,11.0,0,174614.31013540292,94011.27573893184,181511.72567538745,1.0
14.0,4,5.0,0,76690.88644601933,34908.24594164231,73402.07156282259,1.0
15.0,4,9.0,0,136735.69252951,54135.75219468078,122576.8985036564,1.0
16.0,4,14.0,0,208147.73071443135,107961.61272411206,212207.76917144877,1.0
17.0,4,10.0,0,155849.63997116245,82360.25282074955,160365.5428310039,1.0
18.0,4,1.0,0,14961.427712661183,6984.054862835357,14649.833507507688,0.0
19.0,4,10.0,0,152608.5047950908,89669.392440893,166131.67241811298,1.0
20.0,4,23.0,0,336302.9625471973,217150.5638825945,385396.5914380114,1.0
21.0,4,1.0,0,15153.764678699426,10035.850376478922,17662.512533718607,1.0
22.0,4,7.0,0,108018.53003459082,58717.42793401061,112731.49951276214,1.0
23.0,4,11.0,0,166038.72970462035,91079.70725683906,174215.1691145989,1.0
24.0,4,15.0,0,233571.30646238764,92609.04817179868,209514.2133572992,0.0
25.0,4,16.0,0,247324.38552924796,84990.62326244437,208791.20003882408,0.0
26.0,4,6.0,0,91293.82941607609,44167.49544546768,89948.21201608352,0.0
27.0,4,15.0,0,229132.247933316,128691.36249782756,243328.89817586265,1.0
28.0,4,8.0,0,119428.53417402173,57314.805490099534,117050.34690170524,1.0
29.0,4,14.0,0,213213.87660046836,99836.84666211971,206560.6795545608,0.0
30.0,4,5.0,0,72867.53831357366,44327.543450658886,80772.14893313414,1.0
31.0,4,12.0,0,181759.8958329477,87096.94246249938,178131.99536068304,1.0
32.0,4,7.0,0,106224.97404428128,52987.45168177462,106242.42368778482,1.0
33.0,4,13.0,0,194395.76253336368,82925.9691232368,180178.6224976373,0.0
34.0,4,7.0,0,104704.03012123982,46161.28575300164,98566.27024112934,1.0
35.0,4,7.0,0,109675.09109989692,64976.18862444197,119884.9918133999,0.0
36.0,4,4.0,0,59870.60657666825,27570.572572702968,57541.312187585485,0.0
37.0,4,10.0,0,153027.9138615797,84307.10241933746,160905.52736626187,1.0
38.0,4,12.0,0,178819.97455731622,86307.75913034155,175865.67259692782,1.0
39.0,4,2.0,0,31151.23807019906,20542.04518469784,36206.55879214053,0.0
40.0,4,13.0,0,198947.3026240941,62565.7320313543,162201.87628382005,0.0
41.0,4,11.0,0,167446.83330584216,68510.62979491704,152330.75220010927,1.0
42.0,4,9.0,0,133594.7683873891,68959.55261529765,135764.9277165149,0.0
43.0,4,11.0,0,170744.00342184017,66370.85512134204,151748.46487293148,1.0
44.0,4,1.0,0,14738.80750603398,6347.774722682633,13910.104838067757,0.0
45.0,4,20.0,0,299863.786781514,196726.43882554065,346659.8747303078,0.0
46.0,4,14.0,0,210427.32665176,115766.58248503828,221068.60990744544,0.0
47.0,4,2.0,0,30329.735116746924,14188.24893347623,29498.037134842423,0.0
48.0,4,3.0,0,46490.88771746258,22962.55725733766,46372.20447249572,1.0
49.0,4,3.0,0,45049.55876532843,23307.95358464896,45953.78604030749,1.0
50.0,4,6.0,0,90729.8060554332,41085.23987932811,86517.40672232461,0.0
1.0,5,15.0,0,233756.44924548097,139124.96415995926,256069.28118255205,0.0
2.0,5,4.0,0,62262.38467944908,32358.86556594273,63606.64228909634,0.0
3.0,5,13.0,0,191614.8974062109,112038.89446381446,207865.0931236529,0.0
4.0,5,7.0,0,105545.3483256795,63379.163819909,116306.29626743948,1.0
5.0,5,13.0,0,201986.03460385496,73081.73589535448,174117.08867462457,1.0
6.0,5,14.0,0,209346.1118078156,87395.86781038642,192109.0657667251,0.0
7.0,5,2.0,0,30735.112358585007,12552.55238630728,28073.093315332317,0.0
8.0,5,11.0,0,170954.66906744282,76967.34631029233,162551.73410655122,0.0
9.0,5,9.0,0,138636.4123591187,69354.24114813836,138763.98182897066,1.0
10.0,5,11.0,0,168543.027990037,69024.9513939534,153423.80148823385,1.0
11.0,5,7.0,0,104781.2444457114,48272.99018925087,100793.9130739839,0.0
12.0,5,15.0,0,218562.7764513124,125824.85933685732,235263.5060907484,1.0
13.0,5,11.0,0,174039.67669625013,91012.56639443766,178244.94178688247,1.0
14.0,5,5.0,0,76711.0808911735,34900.466607190385,73426.90133174634,1.0
15.0,5,9.0,0,136789.79702448728,53402.256405564265,121890.37747888488,1.0
16.0,5,14.0,0,207225.35791416749,110009.79441191448,213774.5770866541,1.0
17.0,5,10.0,0,155921.1874294499,83159.15373375893,161227.05106939914,1.0
18.0,5,1.0,0,15002.415538151085,7289.479308952596,14973.87840859864,0.0
19.0,5,10.0,0,153024.87852624178,89096.2021398967,165762.15304886957,1.0
20.0,5,23.0,0,337510.2557837987,220265.979223699,389134.77642522193,1.0
21.0,5,1.0,0,15150.21124210783,10103.444898653634,17725.56378110873,1.0
22.0,5,7.0,0,108180.92779465578,57066.29630642569,111150.14305067758,1.0
23.0,5,11.0,0,165700.2466952875,95619.20760033753,178574.72691764336,1.0
24.0,5,15.0,0,234075.43706913627,97226.57816474108,214345.06729623995,0.0
25.0,5,16.0,0,246951.3945775791,84605.397433512,208216.9102391264,0.0
26.0,5,6.0,0,91495.10041562388,41978.58893784102,87849.97264986656,0.0
27.0,5,15.0,0,227730.171576348,123799.87982392251,237727.5999848981,1.0
28.0,5,8.0,0,119293.21622455672,56593.920839947794,116282.81742044362,1.0
29.0,5,14.0,0,215166.58144073843,94701.77620328894,202403.11949997957,0.0
30.0,5,5.0,0,73224.98396228375,43016.3265710498,79617.11036403362,1.0
31.0,5,12.0,0,181597.75538523405,84115.20558974764,175046.67263682777,1.0
32.0,5,7.0,0,106660.03767296571,46677.33047045988,100149.150019494,1.0
33.0,5,13.0,0,194478.7842783597,84477.40099197884,181745.9903484138,0.0
34.0,5,7.0,0,104740.76672665632,46730.02221298697,99153.1442723755,1.0
35.0,5,7.0,0,109677.81779652572,63634.145562894846,118564.18200965566,0.0
36.0,5,4.0,0,59897.47521784908,25146.70727674769,55123.89337596752,0.0
37.0,5,10.0,0,152673.99671654837,79364.9687512056,155768.85783734985,1.0
38.0,5,12.0,0,179004.3293524702,84082.62723035575,173736.32432702355,1.0
39.0,5,2.0,0,31128.96116981138,20518.627931860017,36150.718376407545,0.0
40.0,5,13.0,0,199430.6545236605,63911.111488498966,163761.7356463909,0.0
41.0,5,11.0,0,167360.700902078,65114.31508843944,148895.76008136067,1.0
42.0,5,9.0,0,133394.19068639478,75685.33117207799,142393.4349428717,0.0
43.0,5,11.0,0,171260.84936512852,68951.1342929011,154602.67967618667,1.0
44.0,5,1.0,0,14793.973212027597,6461.043322101305,14059.987805167557,0.0
45.0,5,20.0,0,300472.13243728416,187122.28541449,337365.0315672829,0.0
46.0,5,14.0,0,211287.80015405625,114241.61049390824,219992.77173389425,0.0
47.0,5,2.0,0,30469.264924324438,13999.961704104728,29376.22925623681,0.0
48.0,5,3.0,0,46442.3631021426,23099.904068800217,46494.27034534387,1.0
49.0,5,3.0,0,45238.795119785726,22065.434978663467,44804.70128232811,1.0
50.0,5,6.0,0,91023.88761902347,44307.29528127178,89897.35194832041,0.0
1.0,6,15.0,0,234638.39357142805,138326.70151840465,255716.06899566305,0.0
2.0,6,4.0,0,62334.74831600181,32991.730934222265,64309.025816873735,0.0
3.0,6,13.0,0,192376.45882318928,118470.7474548724,214678.05583194384,0.0
4.0,6,7.0,0,105936.24595651166,62006.249257040974,115138.94862579224,1.0
5.0,6,13.0,0,202643.50872893425,64801.10216782955,166170.59660172535,1.0
6.0,6,14.0,0,210113.32144584405,89603.27219644614,194740.87730811507,0.0
7.0,6,2.0,0,30667.29077515792,13100.316982519354,28611.58178223807,0.0
8.0,6,11.0,0,171174.64874534932,78474.05030889645,164159.23808907933,0.0
9.0,6,9.0,0,138775.62062478127,69170.6454484191,138654.05468616958,1.0
10.0,6,11.0,0,168244.65500708317,70025.1031317588,154263.6011219469,1.0
11.0,6,7.0,0,104937.07475810056,46219.40212623287,98822.11792574928,0.0
12.0,6,15.0,0,219626.3893802668,122982.64149907384,232931.91372834303,1.0
13.0,6,11.0,0,174747.69418949742,92454.13107232982,180016.3894475395,1.0
14.0,6,5.0,0,77084.83931448287,37698.97326372597,76393.73970667542,1.0
15.0,6,9.0,0,137296.67869990703,56606.48511435026,125337.45844094282,1.0
16.0,6,14.0,0,208305.4395266609,110540.8045150535,214854.77065379295,1.0
17.0,6,10.0,0,156304.60901877904,77582.6109425907,155849.75037333745,1.0
18.0,6,1.0,0,14962.925663481055,6613.382341845934,14268.180851048646,0.0
19.0,6,10.0,0,152972.12214797793,90987.52221795812,167624.42595439067,1.0
20.0,6,23.0,0,337988.2977456641,223159.2552847896,392256.9875812593,1.0
21.0,6,1.0,0,15122.053153467588,10309.212254979257,17914.553606168352,1.0
22.0,6,7.0,0,108228.93696578816,59327.328362878165,113438.58073677625,1.0
23.0,6,11.0,0,165853.2837996712,97150.53473372184,180183.4375041472,1.0
24.0,6,15.0,0,234851.889851745,95203.96907311212,212736.68797106488,0.0
25.0,6,16.0,0,246752.4793467336,86543.65266862098,210048.50142382772,0.0
26.0,6,6.0,0,92012.86088184857,44265.511864845255,90403.78576077268,0.0
27.0,6,15.0,0,229199.7256605661,137179.94183005017,251853.03832606415,1.0
28.0,6,8.0,0,119590.41698944586,61023.63540630527,120854.96160087056,1.0
29.0,6,14.0,0,214339.19816394435,98070.9635097559,205355.82721083483,0.0
30.0,6,5.0,0,72891.65515357912,42745.97593339376,79173.88990190832,1.0
31.0,6,12.0,0,181869.734809673,78552.90920662558,169645.334907216,1.0
32.0,6,7.0,0,106262.74033736772,51101.228224858445,104367.02607028336,1.0
33.0,6,13.0,0,194830.6792180104,85912.48237787149,183366.2469232669,0.0
34.0,6,7.0,0,104668.36620805808,47542.54415701253,99945.21639297732,1.0
35.0,6,7.0,0,109825.5904639209,67660.31562720833,122658.75665104216,0.0
36.0,6,4.0,0,60130.1707611094,28155.407689829743,58242.47305053088,0.0
37.0,6,10.0,0,153188.71377859745,76759.46362097024,153453.7185390678,1.0
38.0,6,12.0,0,180160.05804654016,82515.44455053522,172717.26827700651,1.0
39.0,6,2.0,0,31071.14208943265,19866.51391900168,35465.891934995794,0.0
40.0,6,13.0,0,200198.1552173552,61682.92246853644,161932.57502312667,0.0
41.0,6,11.0,0,167444.6923046728,66823.20039480978,150677.38644325858,1.0
42.0,6,9.0,0,133884.7640583399,73626.62979942163,140558.81899969414,0.0
43.0,6,11.0,0,171132.2033819409,67445.01095795585,153036.45024395693,1.0
44.0,6,1.0,0,14735.693876638645,6347.1748489121455,13913.652461108575,0.0
45.0,6,20.0,0,300470.46422710497,178315.9261617214,328559.64628874,0.0
46.0,6,14.0,0,211896.88612864623,114231.9995798098,220264.59853309236,0.0
47.0,6,2.0,0,30454.45898297801,15012.02572552454,30372.527345835213,0.0
48.0,6,3.0,0,46584.582979314655,22855.86526408055,46309.29795216079,1.0
49.0,6,3.0,0,45364.20790463401,23635.671818896262,46438.53813012062,1.0
50.0,6,6.0,0,90861.08248497709,43225.62489065863,88737.60473606421,0.0
1.0,7,15.0,0,233787.71296967144,143985.95902927013,260952.78661830525,0.0
2.0,7,4.0,0,62470.75831957038,33857.46406264278,65224.63496476039,0.0
3.0,7,13.0,0,191571.5400511429,121278.78287498008,217092.71273579163,0.0
4.0,7,7.0,0,106043.565573829,62633.67943121168,115814.06891136031,1.0
5.0,7,13.0,0,202419.96798770496,69407.59789053186,170640.90726042847,1.0
6.0,7,14.0,0,210356.85197679373,90996.56581792809,196226.08494095597,0.0
7.0,7,2.0,0,30723.02572701487,13296.094927747983,28817.385401552827,0.0
8.0,7,11.0,0,171545.90419480327,75937.96101981225,161816.91033024198,0.0
9.0,7,9.0,0,138852.93514425226,66802.05334721987,136333.88533840072,1.0
10.0,7,11.0,0,168218.52243534918,69180.63960677896,153404.7241765327,1.0
11.0,7,7.0,0,104668.2710869795,46036.06486545281,98491.3639492107,0.0
12.0,7,15.0,0,219155.14812029456,116117.76423256764,225851.14938147765,1.0
13.0,7,11.0,0,174670.48347321805,89620.75091606623,177138.1394948514,1.0
14.0,7,5.0,0,77018.93489665027,34054.731844214766,72718.30412766377,1.0
15.0,7,9.0,0,137215.10082649207,57556.55580488881,126271.37334484454,1.0
16.0,7,14.0,0,208395.3046278506,110632.0726938898,214987.72501338104,1.0
17.0,7,10.0,0,156014.11162560934,84416.17621037149,162521.3434785388,1.0
18.0,7,1.0,0,15090.289967902874,7372.341047239477,15097.640747350311,0.0
19.0,7,10.0,0,153595.91742914077,90470.2275346542,167427.22718213516,1.0
20.0,7,23.0,0,337040.2697861273,218781.0103426245,387394.1824045782,1.0
21.0,7,1.0,0,15097.167966397716,10203.60794853127,17802.127831344074,1.0
22.0,7,7.0,0,108566.56143312102,61443.93590776748,115725.2376581932,1.0
23.0,7,11.0,0,165938.35969277474,92656.52091898148,175735.8007943942,1.0
24.0,7,15.0,0,235044.8480561465,90200.092793957,207822.3164568998,0.0
25.0,7,16.0,0,247537.06444334524,80832.71046364502,204745.86723146428,0.0
26.0,7,6.0,0,91678.2487425518,41947.21777122496,87947.93859217883,0.0
27.0,7,15.0,0,228895.53237282223,128965.32178209844,243499.97222635057,1.0
28.0,7,8.0,0,119704.31843552488,58071.86174007501,117963.58451004646,1.0
29.0,7,14.0,0,214282.4623547529,92272.89528996585,199515.2179733785,0.0
30.0,7,5.0,0,73181.07637938684,43010.505601240926,79587.38772637078,1.0
31.0,7,12.0,0,181545.38262477893,82734.21470477703,173653.7406673302,1.0
32.0,7,7.0,0,106844.66071801084,50703.48317029721,104275.64005097824,1.0
33.0,7,13.0,0,195080.75268830152,79197.94310444548,176788.73701707993,0.0
34.0,7,7.0,0,104804.85773922752,47193.17155592536,99656.54347714594,1.0
35.0,7,7.0,0,109784.52893756516,65402.57701452576,120340.18671359812,0.0
36.0,7,4.0,0,59861.53820881353,25529.891477741498,55499.70085066374,0.0
37.0,7,10.0,0,153680.5750267739,80495.54494307055,157410.94595681244,1.0
38.0,7,12.0,0,179547.748631632,86521.0896523917,176438.68075664662,1.0
39.0,7,2.0,0,31261.90485387788,19931.159997449708,35630.43190165072,0.0
40.0,7,13.0,0,200644.8645173756,62818.05386156666,163296.39257189617,0.0
41.0,7,11.0,0,167568.89569474742,67235.17921088202,151122.49590332466,1.0
42.0,7,9.0,0,132759.16512746565,69980.67721925919,136368.78075826718,0.0
43.0,7,11.0,0,170891.44671693983,68438.72020342042,153924.6505974441,1.0
44.0,7,1.0,0,14781.37413030841,6670.166247662348,14258.476868004844,0.0
45.0,7,20.0,0,300355.91786470526,182455.4040645725,332614.1962091417,0.0
46.0,7,14.0,0,211379.7278787242,112156.40504586788,217938.5954119421,0.0
47.0,7,2.0,0,30438.00179244727,14588.4254940122,29939.43810141756,0.0
48.0,7,3.0,0,46681.152399751554,22835.687144456617,46345.10830745559,1.0
49.0,7,3.0,0,45494.17441456023,23155.4625685858,46023.58399297454,1.0
50.0,7,6.0,0,91156.5537742788,43315.89922035224,88961.62191206314,0.0
1.0,8,15.0,0,234666.5643137112,141767.65525969374,259168.50971425895,0.0
2.0,8,4.0,0,62616.30826614575,33865.99124817496,65325.524821461,0.0
3.0,8,13.0,0,192463.91591524644,114131.485224012,210367.0794422408,0.0
4.0,8,7.0,0,106143.99958658416,60970.52432052642,114222.21878625038,1.0
5.0,8,13.0,0,202817.67641033288,64475.86180852465,165922.9602458161,1.0
6.0,8,14.0,0,209951.859559176,84759.8243418935,189792.1319641944,0.0
7.0,8,2.0,0,30694.474489728826,12119.603183695905,27621.038074814045,0.0
8.0,8,11.0,0,170726.30028743786,79053.73876009409,164515.90540431073,0.0
9.0,8,9.0,0,138889.01460111933,70209.93267585096,139757.14849353305,1.0
10.0,8,11.0,0,169029.00328651915,67477.98015350348,152127.9562871789,1.0
11.0,8,7.0,0,104973.8839335074,48922.510485510655,101546.59860135184,0.0
12.0,8,15.0,0,219289.8082166136,125914.36271735295,235712.89165939545,1.0
13.0,8,11.0,0,175519.41440063203,93339.06388004989,181315.1782469632,1.0
14.0,8,5.0,0,76981.11358739699,36225.8303527361,74883.17529369668,1.0
15.0,8,9.0,0,137959.49534181727,55869.8249886595,124936.84835678004,1.0
16.0,8,14.0,0,208590.50730964585,111975.95032831,216408.883696557,1.0
17.0,8,10.0,0,156353.1292003929,79835.98382225755,158111.7121677136,1.0
18.0,8,1.0,0,15055.73730227311,7033.653073341341,14727.50766218742,0.0
19.0,8,10.0,0,153168.67863877915,89093.77981323643,165811.84083516887,1.0
20.0,8,23.0,0,340001.1704082654,221726.21708173724,391833.7161456534,1.0
21.0,8,1.0,0,15148.68847584517,10368.833729267722,17998.045101957094,1.0
22.0,8,7.0,0,108636.97509191588,60272.18242305243,114609.97488429851,1.0
23.0,8,11.0,0,165938.96078192693,91665.31735198076,174711.74941867738,1.0
24.0,8,15.0,0,233763.2316096733,91931.63066576308,208893.13091420743,0.0
25.0,8,16.0,0,247425.62769910923,87148.30938097082,210993.9830711177,0.0
26.0,8,6.0,0,92011.80860515167,43035.31015114376,89168.3012481684,0.0
27.0,8,15.0,0,228702.79706538955,131375.94743527228,245778.0743187837,1.0
28.0,8,8.0,0,119964.2057031012,57522.07567227439,117530.84058077128,1.0
29.0,8,14.0,0,215131.49840874388,98069.78133089036,205732.08019302288,0.0
30.0,8,5.0,0,73243.99836067058,43849.31237529413,80502.92628868959,1.0
31.0,8,12.0,0,182032.03935971876,85484.60046529173,176654.37462587617,1.0
32.0,8,7.0,0,106596.45608093646,48116.350252876975,101554.27883135086,1.0
33.0,8,13.0,0,196084.15543114085,83653.05084054139,181737.4816985225,0.0
34.0,8,7.0,0,104391.46605589717,43844.43073729552,96100.70014692408,1.0
35.0,8,7.0,0,110077.8293994208,63966.71106216432,119084.339798042,0.0
36.0,8,4.0,0,60034.07927590753,27901.680538477907,57924.28537993201,0.0
37.0,8,10.0,0,153291.29044369675,80427.67371915562,157136.60338100695,1.0
38.0,8,12.0,0,179652.5406107854,86926.90160591676,176886.77491671668,1.0
39.0,8,2.0,0,31119.024149255103,19259.730311841096,34897.39328243152,0.0
40.0,8,13.0,0,201219.28681364036,58191.9884315898,158971.57394260462,0.0
41.0,8,11.0,0,167772.99891629416,68335.34715913692,152345.22884324956,1.0
42.0,8,9.0,0,134018.59350939386,75461.72908965836,142459.9775465219,0.0
43.0,8,11.0,0,171287.9834163588,64117.342443426925,149776.59631210868,1.0
44.0,8,1.0,0,14772.937301667358,6807.380252240463,14371.80237146662,0.0
45.0,8,20.0,0,301594.08598163986,180439.06147666,331246.10384788027,0.0
46.0,8,14.0,0,212440.18639079583,112492.7105865977,218810.5360612988,0.0
47.0,8,2.0,0,30589.1919256631,14945.56312653376,30363.853185957112,0.0
48.0,8,3.0,0,46732.14377262914,22725.58399870596,46253.530230344026,1.0
49.0,8,3.0,0,45418.767415535294,22935.17401185625,45766.94911415976,1.0
50.0,8,6.0,0,91061.25885889084,42355.312413449086,87952.94580549966,0.0
1.0,9,15.0,0,234993.41131963785,136637.21895349602,254205.3930031164,0.0
2.0,9,4.0,0,62584.58527595161,32241.819902406005,63675.70122355023,0.0
3.0,9,13.0,0,192312.16138867743,119539.23815014891,215721.33385256623,0.0
4.0,9,7.0,0,106194.39773469334,65450.73839485972,118724.97435208136,1.0
5.0,9,13.0,0,202809.95314701227,66405.29137017725,167844.48024751327,1.0
6.0,9,14.0,0,210972.75084664283,88511.03434201288,194045.4280352416,0.0
7.0,9,2.0,0,30787.013230092543,13256.70113892306,28802.693878039627,0.0
8.0,9,11.0,0,172024.83513416306,72232.86222399681,158355.60207843842,0.0
9.0,9,9.0,0,139295.51281120302,65849.4179878431,135592.50825408642,1.0
10.0,9,11.0,0,168163.4059424568,63259.5878427359,147463.31546843614,1.0
11.0,9,7.0,0,104918.27414083174,46136.98407802574,98743.865117336,0.0
12.0,9,15.0,0,219949.1110047139,118883.18060141338,228990.54027595048,1.0
13.0,9,11.0,0,174943.43185044453,91903.53929166376,179569.05524674518,1.0
14.0,9,5.0,0,77183.54747483104,35137.73209965623,73893.33838740556,1.0
15.0,9,9.0,0,137085.22760979403,57658.4714567112,126289.96725090964,1.0
16.0,9,14.0,0,208792.9366018024,108551.86880454872,213085.9245755531,1.0
17.0,9,10.0,0,156298.7261387892,79617.17103967631,157876.14713714024,1.0
18.0,9,1.0,0,15060.516421418291,7123.49227647843,14825.11312696937,0.0
19.0,9,10.0,0,153933.52869124996,84875.47176297364,161993.0657497772,1.0
20.0,9,23.0,0,338323.6160273269,227934.27080043292,397196.0278534116,1.0
21.0,9,1.0,0,15127.942457545983,9939.428704633165,17540.168690003804,1.0
22.0,9,7.0,0,108838.80771633552,60399.018350928935,114814.2184262988,1.0
23.0,9,11.0,0,165781.04615083986,91835.55569548368,174826.2729617346,1.0
24.0,9,15.0,0,234300.10788639417,95968.33707850556,213217.27210487903,0.0
25.0,9,16.0,0,248547.50324338424,85141.45542504932,209541.99676820656,0.0
26.0,9,6.0,0,91761.41867240307,44061.69180530164,90066.72515813017,0.0
27.0,9,15.0,0,228793.68272282908,130821.47700068196,245298.3445271288,1.0
28.0,9,8.0,0,120116.9767835294,59734.8884513756,119825.681016359,1.0
29.0,9,14.0,0,215188.7738511357,92361.1731416191,200057.99613343028,0.0
30.0,9,5.0,0,73313.48503552836,41336.80575888824,77981.47584361551,1.0
31.0,9,12.0,0,181973.47916523408,83310.10887491718,174435.15980101435,1.0
32.0,9,7.0,0,106789.53788169316,51298.83913990298,104828.26383132229,1.0
33.0,9,13.0,0,195490.75843622623,84919.44561134018,182708.16049055132,0.0
34.0,9,7.0,0,105176.0752939693,46332.34763954103,98971.33100689264,1.0
35.0,9,7.0,0,110142.25133942996,66290.83478229474,121455.92961816902,0.0
36.0,9,4.0,0,60108.80037101134,27589.221889095472,57669.02592548043,0.0
37.0,9,10.0,0,152967.18708471677,82855.29207913305,159401.63290820186,1.0
38.0,9,12.0,0,179744.12765375746,82911.86491882344,172909.720216074,1.0
39.0,9,2.0,0,31204.802994713493,20119.93385665857,35786.37522361174,0.0
40.0,9,13.0,0,200511.35650676463,67606.01603958292,168010.80074337646,0.0
41.0,9,11.0,0,167368.44258771944,63234.06662180726,147025.9156416383,1.0
42.0,9,9.0,0,133532.01236934404,72494.87538398633,139268.86475312526,0.0
43.0,9,11.0,0,171798.0289653533,69080.53023024155,155015.59041094774,1.0
44.0,9,1.0,0,14794.170576161552,6760.575529229475,14334.060537285752,0.0
45.0,9,20.0,0,302345.9150597769,181782.12088932903,332979.73854112305,0.0
46.0,9,14.0,0,212739.99315474255,115531.09092081383,221992.74653596533,0.0
47.0,9,2.0,0,30498.328784156776,14951.366587668135,30345.294053686892,0.0
48.0,9,3.0,0,46838.53385701949,22791.74031887976,46372.13763733007,1.0
49.0,9,3.0,0,45540.60448363778,24742.304973733608,47658.01577672231,1.0
50.0,9,6.0,0,91414.7293418636,42055.99613078753,87836.35196555004,0.0
1.0,10,15.0,0,234892.2786147331,134412.74520691452,251924.56697924237,0.0
2.0,10,4.0,0,62714.379389419206,31730.96112848209,63217.43690671795,0.0
3.0,10,13.0,0,192190.0570923969,116251.22857190476,212354.34192618696,0.0
4.0,10,7.0,0,106237.8907181417,63441.61789677163,116734.54666676464,1.0
5.0,10,13.0,0,202219.32084076112,72572.57748478065,173716.5830500991,1.0
6.0,10,14.0,0,210905.04690144336,92859.86275928418,198367.5751625405,0.0
7.0,10,2.0,0,30688.382063603385,13660.520156050976,29162.94352209981,0.0
8.0,10,11.0,0,171362.7833582114,77313.35544357222,163104.48926424983,0.0
9.0,10,9.0,0,139258.26247813203,69840.0684415707,139549.98435438704,1.0
10.0,10,11.0,0,168120.51406074723,69323.88290408607,153505.19251227705,1.0
11.0,10,7.0,0,105081.80336861876,47125.40873016414,99795.55100882266,0.0
12.0,10,15.0,0,220054.10416085317,122957.23335149864,233115.595051976,1.0
13.0,10,11.0,0,175271.33010823448,87164.75256475658,174998.18289263517,1.0
14.0,10,5.0,0,76997.64112146765,36243.46470464969,74889.99688930828,1.0
15.0,10,9.0,0,137536.40330293914,53650.86160043108,122519.13490596336,1.0
16.0,10,14.0,0,208145.25502266263,112043.1281250985,216264.2519158197,1.0
17.0,10,10.0,0,156766.00127169615,87713.33960190954,166192.66472607854,1.0
18.0,10,1.0,0,15036.918252491709,7040.595651343608,14736.399297399428,0.0
19.0,10,10.0,0,152634.48751644924,89394.40343595223,165859.39903348737,1.0
20.0,10,23.0,0,339327.5464150555,221386.8092958501,391158.604001904,1.0
21.0,10,1.0,0,15124.27198563127,10473.152895718082,18070.32783551515,1.0
22.0,10,7.0,0,108729.16410771634,56131.7979355944,110507.52798112656,1.0
23.0,10,11.0,0,166716.838647461,99318.46070542128,182770.61305154447,1.0
24.0,10,15.0,0,234400.2101764416,95191.73429251811,212483.56523693327,0.0
25.0,10,16.0,0,247035.14721412555,85861.73613050718,209514.96481657436,0.0
26.0,10,6.0,0,92023.15112271112,41904.332432692645,88066.26065571976,0.0
27.0,10,15.0,0,230024.3169360394,130415.54368657355,245496.34837178275,1.0
28.0,10,8.0,0,120049.56134265316,58558.61774450259,118633.67140270848,1.0
29.0,10,14.0,0,214738.22709068868,102512.04783855048,209987.044415394,0.0
30.0,10,5.0,0,73424.14500373507,43473.645967285775,80165.43613035064,1.0
31.0,10,12.0,0,182825.8048084894,82115.44985996587,173681.12352904154,1.0
32.0,10,7.0,0,106597.9880593728,51672.54773950412,105117.38459105398,1.0
33.0,10,13.0,0,195376.3727018881,84447.65634424971,182182.62058185015,0.0
34.0,10,7.0,0,104830.77589860604,46395.876118755376,98858.40067402474,1.0
35.0,10,7.0,0,110070.38172905294,66872.28670119576,121990.39646101008,0.0
36.0,10,4.0,0,59971.30839459764,27736.117021838887,57759.64766332756,0.0
37.0,10,10.0,0,153374.75082436617,81758.74742243817,158510.82181347354,1.0
38.0,10,12.0,0,180564.0410682461,84341.42833952606,174752.08959459802,1.0
39.0,10,2.0,0,31250.108189392835,19895.085833472334,35603.421167974855,0.0
40.0,10,13.0,0,200711.88568568195,63527.20486545578,164053.8340393915,0.0
41.0,10,11.0,0,167638.8834796511,67895.42418228945,151811.8401332584,1.0
42.0,10,9.0,0,133725.69941537283,72285.5451914321,139132.34946031045,0.0
43.0,10,11.0,0,171020.13977475575,67708.97866338953,153245.28869283892,1.0
44.0,10,1.0,0,14833.797246932296,6857.022214511292,14484.858634977409,0.0
45.0,10,20.0,0,300588.63586940605,182531.68322354343,332814.8400445556,0.0
46.0,10,14.0,0,213009.99120219075,120206.27266744131,226793.2478571806,0.0
47.0,10,2.0,0,30520.09982708596,15037.7184899104,30432.29564596425,0.0
48.0,10,3.0,0,46882.45480426846,22625.67939301429,46237.56066413613,1.0
49.0,10,3.0,0,45442.19698367471,22875.840736270213,45727.53525071245,1.0
50.0,10,6.0,0,91092.3296767042,42436.55448583374,88062.62809902144,0.0
1.0,11,15.0,0,235182.4824088116,139975.16325466565,257627.4711123253,0.0
2.0,11,4.0,0,62783.95918935298,32272.940355162234,63806.61444118068,0.0
3.0,11,13.0,0,192616.9713639371,118662.89087446174,215005.3217913141,0.0
4.0,11,7.0,0,106548.56011926151,64455.09289190296,117921.1136332105,1.0
5.0,11,13.0,0,203704.920940553,63950.10471203363,165843.55586865934,1.0
6.0,11,14.0,0,210361.67143594785,86318.45217353952,191568.590457395,0.0
7.0,11,2.0,0,30797.905369196986,13167.083174801352,28732.31168511294,0.0
8.0,11,11.0,0,172339.3905889094,82791.84622402335,169072.64524955084,0.0
9.0,11,9.0,0,139262.91182218268,70559.1215961798,140307.86426852262,1.0
10.0,11,11.0,0,168291.39650318757,71654.65333708555,155924.547373513,1.0
11.0,11,7.0,0,104825.08003789332,48840.75639467671,101386.2986122727,0.0
12.0,11,15.0,0,220163.8799259681,130948.7882671462,241175.76539868,1.0
13.0,11,11.0,0,175267.4944317602,95105.4472419267,182962.7121334324,1.0
14.0,11,5.0,0,76918.94079358317,37192.4045277665,75822.78943484121,1.0
15.0,11,9.0,0,137654.78819203872,58298.88841386526,127216.05693537078,1.0
16.0,11,14.0,0,208422.1822515984,119041.03755273926,223377.6496009523,1.0
17.0,11,10.0,0,156944.6019687194,81657.44385404619,160224.93365307892,1.0
18.0,11,1.0,0,15090.470713351193,6721.582891424833,14446.463815741025,0.0
19.0,11,10.0,0,153252.21173563172,87264.39081184157,164049.66219903145,1.0
20.0,11,23.0,0,338981.4495972332,227566.19729106085,397151.7540370443,1.0
21.0,11,1.0,0,15182.908516089225,10230.178050050004,17854.625611453368,1.0
22.0,11,7.0,0,108997.1850931652,60964.5912337424,115465.94792618036,1.0
23.0,11,11.0,0,166309.58181224554,92989.46498326176,176243.20582176384,1.0
24.0,11,15.0,0,234617.75834870237,99944.18359068166,217356.10059619328,0.0
25.0,11,16.0,0,248741.48578459173,82097.42152595182,206600.91951626795,0.0
26.0,11,6.0,0,91981.58812611514,42801.808729223856,88933.83169499166,0.0
27.0,11,15.0,0,229463.8672290096,129970.87904000592,244775.39638790555,1.0
28.0,11,8.0,0,120288.00959979382,59743.19533071347,119938.80951168764,1.0
29.0,11,14.0,0,215066.1003042141,100651.1326213679,208302.9306267504,0.0
30.0,11,5.0,0,73328.40474335583,43238.50006652827,79902.22453063208,1.0
31.0,11,12.0,0,183187.63654980125,83698.26981633517,175440.724837737,1.0
32.0,11,7.0,0,107033.19661426096,50184.71262598237,103849.8833941379,1.0
33.0,11,13.0,0,196163.38721510817,86085.42537115437,184212.94602058796,0.0
34.0,11,7.0,0,105378.96370399652,45813.6492107888,98566.26378270176,1.0
35.0,11,7.0,0,110318.04865720416,64288.83181975693,119536.48414545484,0.0
36.0,11,4.0,0,60055.49049685345,27575.488458236923,57648.696947116354,0.0
37.0,11,10.0,0,153077.63760591333,81144.96452689124,157770.45975202805,1.0
38.0,11,12.0,0,180319.3212536436,84632.81570299085,174937.93075179402,1.0
39.0,11,2.0,0,31180.23402349247,19343.42304582512,35009.22683335773,0.0
40.0,11,13.0,0,201085.96919794127,60423.17939343309,161102.23926003926,0.0
41.0,11,11.0,0,167387.9995491706,64426.83529289184,148226.98195946525,1.0
42.0,11,9.0,0,134147.9933419736,74792.52533412835,141872.0559023072,0.0
43.0,11,11.0,0,172077.05955689985,65200.46655461024,151265.65395271435,1.0
44.0,11,1.0,0,14812.456969787274,7015.24862588912,14607.975850472298,0.0
45.0,11,20.0,0,301555.9879660679,183000.02227614657,333786.3047127035,0.0
46.0,11,14.0,0,212530.95426321644,119842.3922567286,226194.92969169005,0.0
47.0,11,2.0,0,30537.639232113288,14948.326445498253,30338.62080454852,0.0
48.0,11,3.0,0,46866.94720879049,23366.5875851127,46978.72505459994,1.0
49.0,11,3.0,0,45665.96512724418,22093.09536118275,45060.7708287288,1.0
50.0,11,6.0,0,91341.5611487278,43133.00775982761,88875.02515635922,0.0
1.0,12,15.0,0,235217.5695958777,133200.07082967213,250882.7512096983,0.0
2.0,12,4.0,0,62752.25861482196,32886.714727343766,64400.01639934311,0.0
3.0,12,13.0,0,192723.27048056156,115319.97563586698,211708.53733171447,0.0
4.0,12,7.0,0,106425.04982137094,62989.30932522396,116380.18795615996,1.0
5.0,12,13.0,0,202822.3338406744,71792.08919700356,173246.72149980982,1.0
6.0,12,14.0,0,210632.94974697748,92956.86440338344,198324.43897228024,0.0
7.0,12,2.0,0,30750.76655989685,13127.322043352293,28674.379087798174,0.0
8.0,12,11.0,0,171917.47024919445,80093.51772946671,166146.1125031135,0.0
9.0,12,9.0,0,139814.42395285863,69617.93615719849,139606.8187695952,1.0
10.0,12,11.0,0,168812.59068581092,72760.9700030954,157265.06482228727,1.0
11.0,12,7.0,0,104918.26694253663,47951.45722323914,100525.73816925305,0.0
12.0,12,15.0,0,220215.01995426888,121749.58569033122,231997.24911026,1.0
13.0,12,11.0,0,175405.0773960855,93443.71410747468,181344.782957279,1.0
14.0,12,5.0,0,77237.03959190576,38311.83765236996,77090.18712553888,1.0
15.0,12,9.0,0,137868.14198103556,53557.11162145788,122549.75129493278,1.0
16.0,12,14.0,0,209030.9500811028,112695.13655641535,217353.57722752137,1.0
17.0,12,10.0,0,156788.9052101569,80350.15653136649,158832.77463606396,1.0
18.0,12,1.0,0,15085.619139562385,7107.415926905734,14814.93113905184,0.0
19.0,12,10.0,0,153532.92206023226,88992.62918974741,165915.56759109805,1.0
20.0,12,23.0,0,339233.63937310554,224669.10856155405,394401.8558107478,1.0
21.0,12,1.0,0,15213.577409028632,10766.148754900025,18406.40995038652,1.0
22.0,12,7.0,0,108958.7920912649,59024.22567278498,113514.99881205274,1.0
23.0,12,11.0,0,166142.21256731925,100444.72251675682,183626.11073562052,1.0
24.0,12,15.0,0,235026.1904919363,98985.98327829994,216600.0590250604,0.0
25.0,12,16.0,0,247999.63268421893,91370.69918764838,215492.88360745285,0.0
26.0,12,6.0,0,92213.531018116,41773.41343732389,88011.6003129643,0.0
27.0,12,15.0,0,229280.16520979584,128623.05677781256,243329.39134649077,1.0
28.0,12,8.0,0,120074.34234426146,60020.1283413521,120074.4775169985,1.0
29.0,12,14.0,0,214629.2668586828,98587.62831105724,206000.02830315047,0.0
30.0,12,5.0,0,73278.23228005912,43847.51363936459,80495.34810690039,1.0
31.0,12,12.0,0,183340.33194669956,83984.65804749486,175836.7191967166,1.0
32.0,12,7.0,0,107168.66257185646,50490.426405863655,104197.97023840784,1.0
33.0,12,13.0,0,195655.0062608136,83875.79196915468,181735.34225067336,0.0
34.0,12,7.0,0,105004.16223638254,45823.436962100495,98361.97763059288,1.0
35.0,12,7.0,0,110269.9474578932,64694.51840501482,119907.47663882216,0.0
36.0,12,4.0,0,60185.9757347264,26615.06698246593,56743.270470481504,0.0
37.0,12,10.0,0,153304.03189670763,81589.03093106132,158322.937265299,1.0
38.0,12,12.0,0,180170.26182920448,85749.9994127351,175986.5966704563,1.0
39.0,12,2.0,0,31223.546889516954,20423.037153853795,36097.20378531019,0.0
40.0,12,13.0,0,200784.4636526296,62496.2074299735,163050.69357489643,0.0
41.0,12,11.0,0,167633.079786841,68141.68798589698,152052.71427770125,1.0
42.0,12,9.0,0,134019.0339633575,70136.02667563611,137145.2807603858,0.0
43.0,12,11.0,0,171261.74822905034,68987.46681567932,154647.89920376835,1.0
44.0,12,1.0,0,14756.809988297302,6801.720253119086,14388.933799824135,0.0
45.0,12,20.0,0,301805.3553139656,192572.205796977,343479.3520176916,0.0
46.0,12,14.0,0,212616.91405765916,117504.05301144476,223898.7122470304,0.0
47.0,12,2.0,0,30615.609429792286,15370.856323597156,30824.55310466053,0.0
48.0,12,3.0,0,47132.19165744481,22440.5420562306,46185.63891262301,1.0
49.0,12,3.0,0,45540.10200561951,23705.814838962757,46603.5762539216,1.0
50.0,12,6.0,0,91104.9686803972,41791.15707605719,87405.46628475407,0.0
1.0,13,15.0,0,235147.48855658167,141131.15174768382,258765.37167623444,0.0
2.0,13,4.0,0,62535.68347388704,32819.12200531951,64229.49302742836,0.0
3.0,13,13.0,0,192189.5709790268,113535.0119212062,209667.88672274537,0.0
4.0,13,7.0,1,106340.5221398982,63810.13229607682,117148.62276424417,1.0
5.0,13,13.0,1,203580.64004095955,66401.93007758162,168197.8156501789,1.0
6.0,13,14.0,0,210387.41542068616,95779.6040054168,201030.6582858857,0.0
7.0,13,2.0,0,30826.873170397088,13690.39655590918,29255.753641819512,0.0
8.0,13,11.0,0,172044.05267262628,76702.64871991232,162840.9050811156,0.0
9.0,13,9.0,1,139280.72158257067,69324.68212852505,139046.92767779887,1.0
10.0,13,11.0,1,168704.1177440236,70042.51108977693,154510.26941796238,1.0
11.0,13,7.0,0,105068.55145051052,47394.47818069813,100056.80511231508,0.0
12.0,13,15.0,1,220130.50193390125,129449.63091821318,239659.953800065,1.0
13.0,13,11.0,1,175678.3741352773,95806.8051612024,183847.64169618997,1.0
14.0,13,5.0,1,77377.21444986136,38838.05833182109,77694.46037985537,1.0
15.0,13,9.0,1,137655.77428800007,59748.13545086644,128655.61952387908,1.0
16.0,13,14.0,1,209590.8724163455,112163.3007709294,217104.08793963175,1.0
17.0,13,10.0,1,156789.55776204276,79862.93684579353,158351.45872313634,1.0
18.0,13,1.0,0,15032.22076660001,7223.6357183901555,14899.141673957358,0.0
19.0,13,10.0,1,153376.56957065218,88509.45997206797,165356.6422038928,1.0
20.0,13,23.0,1,338651.2300584535,230422.4727123365,399845.9529476036,1.0
21.0,13,1.0,1,15142.45183843162,10442.63356839789,18063.83758086394,1.0
22.0,13,7.0,1,109189.854356634,58612.702731811485,113222.2744297868,1.0
23.0,13,11.0,1,166451.19048399047,96070.1002815777,179377.44262240257,1.0
24.0,13,15.0,0,235805.86075048603,95280.73835758209,213276.9458095004,0.0
25.0,13,16.0,0,249251.6268703907,88601.38713943011,213366.86284647725,0.0
26.0,13,6.0,0,92147.14996043204,43961.80219043138,90172.32763986166,0.0
27.0,13,15.0,1,231086.55663675757,124539.0225662036,192133.88485649988,1.0
28.0,13,8.0,1,120317.09121785348,54391.31449066603,91669.7791270156,1.0
29.0,13,14.0,0,215388.24119555968,100285.24043696056,208098.43402832848,0.0
30.0,13,5.0,1,73414.35430724986,42595.61442988568,63459.7728266824,1.0
31.0,13,12.0,1,182855.50097826764,80735.02036865226,137871.5881574311,1.0
32.0,13,7.0,1,106944.52608982017,51635.08645192484,105253.8807393792,1.0
33.0,13,13.0,0,196705.1669519285,87255.11597202266,185647.0895800683,0.0
34.0,13,7.0,1,105044.6625630702,50002.445393793765,102595.3460354102,1.0
35.0,13,7.0,0,110775.28386087876,66148.51162304137,121621.9155954567,0.0
36.0,13,4.0,0,60291.58425590676,28513.802216735887,58685.78287811275,0.0
37.0,13,10.0,1,153643.43797111258,80264.41342118205,125751.89774182312,1.0
38.0,13,12.0,1,180528.94365185496,81225.5581122291,137322.2695867135,1.0
39.0,13,2.0,0,31298.76113126635,20479.25238457956,36205.462092138,0.0
40.0,13,13.0,0,201668.09830718703,59581.76960778797,160561.03456376988,0.0
41.0,13,11.0,1,167751.9886289771,65219.63023691103,119370.12349907876,1.0
42.0,13,9.0,0,134090.38151843188,71116.40869344155,138154.9885820567,0.0
43.0,13,11.0,1,170869.6093901146,65454.32711856207,150918.94796945126,1.0
44.0,13,1.0,0,14787.6305833668,6717.1949146763545,14316.906739925422,0.0
45.0,13,20.0,0,302159.0126214924,190275.3057170061,341364.1552913298,0.0
46.0,13,14.0,0,212746.0190962244,122517.71948823164,229003.4256309053,0.0
47.0,13,2.0,0,30621.595357588223,15038.908844388676,30489.13172559059,0.0
48.0,13,3.0,1,47015.65276228826,22472.726115848192,36953.67473746722,1.0
49.0,13,3.0,1,45503.28895538156,23274.771701660957,46153.52162699669,1.0
50.0,13,6.0,0,91241.16057409336,46638.56223402474,92331.24561373016,0.0
1.0,14,15.0,0,235772.21020479823,141069.79445016614,259029.54817776824,0.0
2.0,14,4.0,0,63047.52274594461,34095.24261569606,65756.26919693929,0.0
3.0,14,13.0,0,193170.4362216015,117539.36453332454,214149.538450317,0.0
4.0,14,7.0,1,106539.632607167,64965.3288088953,118401.72581802374,1.0
5.0,14,13.0,1,203908.76538039945,76010.2172855042,177988.26514314683,1.0
6.0,14,14.0,0,211177.36087316103,91536.7521947978,197188.9502721632,0.0
7.0,14,2.0,0,30986.134170109395,12688.56831401512,28346.20080493351,0.0
8.0,14,11.0,0,171845.00405740118,75772.0422653586,161790.01406478346,0.0
9.0,14,9.0,1,139909.45612493914,68266.00902350958,138300.7459357004,1.0
10.0,14,11.0,1,168588.5083290835,73955.66889829162,158363.42075527948,1.0
11.0,14,7.0,0,105103.9712764721,50382.0362468835,103074.53753215644,0.0
12.0,14,15.0,1,219681.1980476944,117961.91186690846,227954.11035214015,1.0
13.0,14,11.0,1,176444.27654499892,95242.21559702596,183647.11595773697,1.0
14.0,14,5.0,1,77337.24477571902,36833.504362961205,75663.87233252202,1.0
15.0,14,9.0,1,138071.89983411628,56808.83149126449,125925.69427927514,1.0
16.0,14,14.0,1,210210.8796634471,120054.57233167755,225301.6877306916,1.0
17.0,14,10.0,1,157427.8364515419,82070.5906110954,160892.16013366778,1.0
18.0,14,1.0,0,15170.51407358384,6893.155757405665,14635.236438990032,0.0
19.0,14,10.0,1,153927.84141463606,86733.2548509216,163856.22864852697,1.0
20.0,14,23.0,1,339773.87102371006,227837.29717136783,397830.5762684328,1.0
21.0,14,1.0,1,15210.989202060067,10526.258163892018,18159.4705666513,1.0
22.0,14,7.0,1,109381.0862412428,60048.03124081039,114749.5238527575,1.0
23.0,14,11.0,1,166342.92061237036,96206.5466139186,179486.0235418746,1.0
24.0,14,15.0,0,234791.70025938304,98756.55918407634,216269.32854761547,0.0
25.0,14,16.0,0,248467.6177520564,80126.91305943717,204500.92105612316,0.0
26.0,14,6.0,0,92235.89634462098,45757.60094018111,91997.04851000968,0.0
27.0,14,15.0,1,229843.0487073736,129241.33776608836,195406.8527796965,1.0
28.0,14,8.0,1,120572.51681187708,58074.35987541422,94733.72969171734,1.0
29.0,14,14.0,0,214974.5982070456,107900.1465201611,215487.3483149197,0.0
30.0,14,5.0,1,73606.87119313948,41634.282767135424,62757.66750249584,1.0
31.0,14,12.0,1,183229.80971846537,80474.01204808794,137825.5887081166,1.0
32.0,14,7.0,1,107100.47012750336,54257.05691544831,107962.53989232791,1.0
33.0,14,13.0,0,196532.83175246333,86826.23769435822,185130.00067800732,0.0
34.0,14,7.0,1,105551.49872439144,47092.91681070971,99931.0800536217,1.0
35.0,14,7.0,0,110580.03624826577,63925.90655761553,119304.85994766728,0.0
36.0,14,4.0,0,60288.56497820076,28756.888441300955,58920.88270137447,0.0
37.0,14,10.0,1,153290.13024977376,79016.77020689989,124620.97864945311,1.0
38.0,14,12.0,1,180778.8564273597,83279.33254554651,139086.14917480215,1.0
39.0,14,2.0,0,31401.517776840577,20796.10640462557,36577.63203136478,0.0
40.0,14,13.0,0,201729.99930681803,65255.52020400505,166267.46966984525,0.0
41.0,14,11.0,1,167114.43354381694,64598.54175365487,118616.88362049298,1.0
42.0,14,9.0,0,134575.847877199,71060.36183038216,138353.57099426552,0.0
43.0,14,11.0,1,171487.96598454544,69872.68922580028,155643.92523680016,1.0
44.0,14,1.0,0,14824.902949110396,6848.705150716378,14452.017122372488,0.0
45.0,14,20.0,0,301929.8683403624,188972.77372884564,339943.4925237719,0.0
46.0,14,14.0,0,213264.37423634948,123511.3117864361,230241.64601768425,0.0
47.0,14,2.0,0,30771.459060885973,14347.185269123662,29869.647323510795,0.0
48.0,14,3.0,1,47021.24645863495,22347.99985955717,36856.704120228,1.0
49.0,14,3.0,1,45567.07714165166,24439.544087892365,47376.96504027482,1.0
50.0,14,6.0,0,91540.13624233646,44992.99201386179,90834.91038819772,0.0
1.0,15,15.0,0,235340.8595296863,143796.94229804445,261532.11612969515,0.0
2.0,15,4.0,0,62860.19857434684,32956.72946204888,64523.37574233391,0.0
3.0,15,13.0,0,192561.00016992568,115158.2596614181,211475.27587426436,0.0
4.0,15,7.0,1,106889.2904538463,62194.84308042043,115808.10662497664,1.0
5.0,15,13.0,1,203810.00475638112,73420.51194537645,175358.51142076103,1.0
6.0,15,14.0,0,210682.61157710355,90562.57619702132,195962.47169545485,0.0
7.0,15,2.0,0,30871.80985547191,13099.037824975372,28688.72461381897,0.0
8.0,15,11.0,0,171911.196778742,75215.74720600255,161255.01988722789,0.0
9.0,15,9.0,1,139546.69481305828,71595.1300638434,141459.2393514619,1.0
10.0,15,11.0,1,169374.93789609647,68937.77141872408,153745.44407375297,1.0
11.0,15,7.0,0,105233.08229977472,49866.695657787415,102621.42734931482,0.0
12.0,15,15.0,1,220562.98381363263,127937.24078695998,238381.12032274905,1.0
13.0,15,11.0,1,175323.62488984625,92347.76572522004,180223.54799112864,1.0
14.0,15,5.0,1,77479.4476451058,36745.82542354539,75655.6061612792,1.0
15.0,15,9.0,1,137911.99665643153,58450.6745593489,127496.74815575176,1.0
16.0,15,14.0,1,209332.9121545923,116188.91873485789,221010.42858522592,1.0
17.0,15,10.0,1,156910.92092754217,84951.8332452326,163510.0983736993,1.0
18.0,15,1.0,0,15158.532814034512,6877.4570166613,14615.663529153517,0.0
19.0,15,10.0,1,153891.67645409537,91033.32634466408,168146.21469833318,1.0
20.0,15,23.0,1,339371.2817562151,224175.91456789887,393962.05827853136,1.0
21.0,15,1.0,1,15171.723189229811,10433.024069158484,18051.35631507465,1.0
22.0,15,7.0,1,109273.86945389718,59787.41792336316,114438.45906042286,1.0
23.0,15,11.0,1,166366.02575245727,100087.311276695,183383.5013568797,1.0
24.0,15,15.0,0,235170.32636380996,99822.81169546614,217500.8252916808,0.0
25.0,15,16.0,0,248128.712366312,85964.2590975257,210149.9995290537,0.0
26.0,15,6.0,0,92136.15410527668,47419.310625989376,93609.73779190128,0.0
27.0,15,15.0,1,230569.48343429767,119570.42919950216,187955.54570519525,1.0
28.0,15,8.0,1,120060.7920019468,57432.01150412408,94005.71970076744,1.0
29.0,15,14.0,0,215707.93292249332,106027.88375825874,214000.2100155662,0.0
30.0,15,5.0,1,73757.66454220375,45004.06304879212,65501.3874123363,1.0
31.0,15,12.0,1,183233.89523724696,74659.46463744885,133172.63452963554,1.0
32.0,15,7.0,1,107198.1095110618,49496.48921431832,103245.6715287561,1.0
33.0,15,13.0,0,196480.69785490804,84032.03076448188,182322.0894695857,0.0
34.0,15,7.0,1,105168.8301754777,48593.56637414516,101221.17428955525,1.0
35.0,15,7.0,0,110214.482318119,66401.40229783005,121587.98969870777,0.0
36.0,15,4.0,0,60212.26160269895,29086.785432980592,59232.69617401039,0.0
37.0,15,10.0,1,154268.9855336779,82559.05836971059,127845.86234391488,1.0
38.0,15,12.0,1,181019.6044620729,85928.88921246225,141283.13646255198,1.0
39.0,15,2.0,0,31412.112863400987,20914.316172150997,36702.54610752643,0.0
40.0,15,13.0,0,200682.3390625832,69212.84189681313,169715.3762067836,0.0
41.0,15,11.0,1,167724.41189453367,63470.75143438028,117964.4000691334,1.0
42.0,15,9.0,0,134291.95630220475,73279.40138646092,140432.44545842247,0.0
43.0,15,11.0,1,171884.8637053039,70810.73097396371,156752.59116452708,1.0
44.0,15,1.0,0,14835.363877441234,6865.098101122291,14470.923532756178,0.0
45.0,15,20.0,0,301557.88849754265,187743.0864489273,338539.8240442943,0.0
46.0,15,14.0,0,213052.78574678383,117684.54294182612,224309.53958013043,0.0
47.0,15,2.0,0,30605.319158073034,15334.48639164802,30799.993974695528,0.0
48.0,15,3.0,1,46802.77855406676,23879.91360265557,37995.70514433755,1.0
49.0,15,3.0,1,45636.646838910274,23280.795780711826,46231.296377104176,1.0
50.0,15,6.0,0,91284.23105419242,43263.70070664657,88974.25945245297,0.0
1.0,16,15.0,0,235780.79948119092,135799.34058089845,253762.494670624,0.0
2.0,16,4.0,0,63045.94551102012,33391.009668224426,65037.68517370134,0.0
3.0,16,13.0,0,193439.9539257917,118456.89251958218,215215.7118781244,0.0
4.0,16,7.0,1,106970.84637865829,64957.48137661318,118627.07080120334,1.0
5.0,16,13.0,1,203607.3340988521,76642.71892641841,178486.3941180238,1.0
6.0,16,14.0,0,211440.43312898136,92218.86780071157,198006.37786110264,0.0
7.0,16,2.0,0,30895.667444541603,13358.492802341778,28970.335380161825,0.0
8.0,16,11.0,0,172166.20832309304,74512.05162311415,160701.0119438894,0.0
9.0,16,9.0,1,139778.79765669693,67941.62818891481,137907.8735823853,1.0
10.0,16,11.0,1,169654.65269422077,73913.54925699614,158875.03230463943,1.0
11.0,16,7.0,0,105084.54774427386,45070.46068021117,97746.742100328,0.0
12.0,16,15.0,1,220642.1916002564,123169.0505979913,233629.1097319682,1.0
13.0,16,11.0,1,176501.5036657875,93894.4362861073,182329.01477407495,1.0
14.0,16,5.0,1,77302.63392767587,37940.476516483526,76762.250889882,1.0
15.0,16,9.0,1,138057.9941411677,59060.361204532914,128175.23326528838,1.0
16.0,16,14.0,1,209647.3502136324,114761.44160864898,219723.7435633964,1.0
17.0,16,10.0,1,157057.3186366622,83613.21199343214,162242.11446647983,1.0
18.0,16,1.0,0,15144.94719422366,7294.879342927984,15040.723216563088,0.0
19.0,16,10.0,1,154061.8953539844,89256.70520838031,166439.53808509017,1.0
20.0,16,23.0,1,339915.91577082983,235758.41934413763,405813.8163456369,1.0
21.0,16,1.0,1,15236.065936846597,10535.166849081745,18201.2271869958,1.0
22.0,16,7.0,1,109383.0796119778,60571.16789858082,115280.30613791088,1.0
23.0,16,11.0,1,166221.33140988144,96069.93414753236,179292.5270259176,1.0
24.0,16,15.0,0,235337.91321203407,104293.0663021967,222061.7166406222,0.0
25.0,16,16.0,0,248447.28102918612,93294.42792591886,217645.98533767156,0.0
26.0,16,6.0,0,92385.1000373094,42467.24173702985,88782.70772723087,0.0
27.0,16,15.0,1,229616.05178666007,136203.80872882207,200880.2522776884,1.0
28.0,16,8.0,1,120951.5836414932,55642.04057643983,92939.00333194651,1.0
29.0,16,14.0,0,215813.44490255087,94900.73074407331,202940.25411593888,0.0
30.0,16,5.0,1,73892.11182991495,42252.27578721654,63353.33819849564,1.0
31.0,16,12.0,1,183633.9429566893,75553.5572305185,134042.41160071423,1.0
32.0,16,7.0,1,107133.38808612023,50081.72051435296,103788.53747403118,1.0
33.0,16,13.0,0,196418.3996921388,86123.65557560208,184383.7156578656,0.0
34.0,16,7.0,1,105445.85012443294,48812.582531475455,101595.56714342628,1.0
35.0,16,7.0,0,110569.19130037451,68620.88248767857,123991.4509783056,0.0
36.0,16,4.0,0,60550.30496307593,29121.848567464145,59413.3160966998,0.0
37.0,16,10.0,1,153867.69410988825,82381.46246426486,127527.05785772872,1.0
38.0,16,12.0,1,181097.5649604016,83031.93708805992,139011.44487730428,1.0
39.0,16,2.0,0,31353.7263525203,20251.02076717009,36011.194444302906,0.0
40.0,16,13.0,0,202140.5033597585,71597.0749619981,172808.36628316305,0.0
41.0,16,11.0,1,167672.1157703964,68740.42759847523,122182.98126648614,1.0
42.0,16,9.0,0,134803.51169141644,75333.49141200384,142740.2467493369,0.0
43.0,16,11.0,1,171693.7109979786,70523.85397836057,156400.45775537775,1.0
44.0,16,1.0,0,14800.834166370954,6749.811970819226,14341.800657239855,0.0
45.0,16,20.0,0,302414.8448027156,186280.54584166937,337489.42398317216,0.0
46.0,16,14.0,0,212844.0626293055,116118.53285067112,222648.7238898968,0.0
47.0,16,2.0,0,30605.37343733921,14435.305451909397,29865.45517267814,0.0
48.0,16,3.0,1,47039.58094032024,22120.41527347809,36697.83007367298,1.0
49.0,16,3.0,1,45713.97826386719,23805.60573985456,46780.19117449352,1.0
50.0,16,6.0,0,91441.836145149,42892.47341753129,88668.01580614108,0.0
1.0,17,15.0,0,235496.830335078,142769.51173795437,260595.61454720903,0.0
2.0,17,4.0,0,62892.12293867153,33485.0244096417,65055.48337121438,0.0
3.0,17,13.0,0,193302.03780002505,118379.42071065298,215052.65210794043,0.0
4.0,17,7.0,1,106865.49733514656,65736.21247908821,119334.42134160004,1.0
5.0,17,13.0,1,204148.37616617745,71649.33649509419,173754.15447444338,1.0
6.0,17,14.0,0,211479.098951399,94711.28883209892,200506.95745023937,0.0
7.0,17,2.0,0,30903.446740934283,13681.663394667808,29292.71879712805,0.0
8.0,17,11.0,0,171851.60319834505,76099.67524152053,162123.26728972807,0.0
9.0,17,9.0,1,140099.5788926705,72167.91457509274,142312.39501191743,1.0
10.0,17,11.0,1,169220.7712172322,71745.54559032174,156476.77416650986,1.0
11.0,17,7.0,0,105236.17272162066,48139.03189649081,100883.28537476272,0.0
12.0,17,15.0,1,221097.05251166917,120847.09855299968,231542.4487838923,1.0
13.0,17,11.0,1,175604.95938069152,92338.50633063028,180354.1644714711,1.0
14.0,17,5.0,1,77083.09677926566,38595.90424430489,77299.89246478626,1.0
15.0,17,9.0,1,138202.2796427389,60018.882228285176,129215.27572271173,1.0
16.0,17,14.0,1,209967.27486852417,113585.2874713934,218718.579799269,1.0
17.0,17,10.0,1,157388.00509172303,87358.35169652977,166153.77514853762,1.0
18.0,17,1.0,0,15087.441819776242,6763.043734525896,14478.22621420903,0.0
19.0,17,10.0,1,153371.52591708282,93303.0568958846,170151.33166565353,1.0
20.0,17,23.0,1,339326.5174950556,229520.54034248885,399292.2838629044,1.0
21.0,17,1.0,1,15229.97838995244,10608.570397124258,18259.96940548608,1.0
22.0,17,7.0,1,109253.17992880932,59733.119188304,114379.66835560973,1.0
23.0,17,11.0,1,166341.34483910556,96802.51435463426,180060.08464853853,1.0
24.0,17,15.0,0,236219.1928012958,99879.966806975,218090.4338755103,0.0
25.0,17,16.0,0,248581.31513524623,91020.06703242376,215429.9101983474,0.0
26.0,17,6.0,0,92257.70403225426,45444.33864593224,91703.35723211372,0.0
27.0,17,15.0,1,230328.1736879614,127198.97231998525,193959.6620934959,1.0
28.0,17,8.0,1,121060.42098287043,55877.906431940566,93171.7069446663,1.0
29.0,17,14.0,0,215835.6234617512,101094.57943777664,209148.1674953437,0.0
30.0,17,5.0,1,73955.12955846489,43831.95978086884,64642.1526157549,1.0
31.0,17,12.0,1,183454.53869666185,81255.97883455157,138551.04603734327,1.0
32.0,17,7.0,1,107344.85332747544,50960.3560745526,104769.9981999165,1.0
33.0,17,13.0,0,196416.19363799837,84102.3840685535,182353.40087843343,0.0
34.0,17,7.0,1,105496.88444621784,51099.92974473055,103907.80721681796,1.0
35.0,17,7.0,0,110672.19452429646,66622.18780662667,122035.20055934932,0.0
36.0,17,4.0,0,60331.17374036075,28182.62373803218,58368.08053283946,0.0
37.0,17,10.0,1,153821.0532438122,82890.00314969778,127924.89656515227,1.0
38.0,17,12.0,1,180353.3391892727,80754.88666851063,136868.85434174942,1.0
39.0,17,2.0,0,31316.924113820845,20786.819267571704,36519.66222205208,0.0
40.0,17,13.0,0,201025.0079173908,68222.57021651104,168884.69821538415,0.0
41.0,17,11.0,1,168624.20328842066,70749.54175514351,124164.60532302594,1.0
42.0,17,9.0,0,134492.24983412938,74644.69230372868,141886.52116715867,0.0
43.0,17,11.0,1,172295.46560836074,73832.26868532652,160011.345462924,1.0
44.0,17,1.0,0,14857.642939407937,7065.161695372839,14681.891396797317,0.0
45.0,17,20.0,0,302675.1148532566,183845.21964426545,335184.5495834599,0.0
46.0,17,14.0,0,213472.0508992728,123155.2026032082,229975.234188966,0.0
47.0,17,2.0,0,30612.55874953692,14480.072039599949,29929.765579774456,0.0
48.0,17,3.0,1,46892.54810762418,21818.047944860155,36374.520902133445,1.0
49.0,17,3.0,1,45728.36306208217,23984.223598024502,46985.188008526864,1.0
50.0,17,6.0,0,91605.0176202616,44473.50668954903,90351.13436318187,0.0
1.0,18,15.0,0,236267.66964557057,140787.74905510098,258999.0057814486,0.0
2.0,18,4.0,0,62958.34240183323,31787.66856695682,63394.07315076344,0.0
3.0,18,13.0,0,193783.40071570344,115575.31470921903,212491.74284235825,0.0
4.0,18,7.0,1,107056.11021964898,62944.52479521047,116645.23940790063,1.0
5.0,18,13.0,1,204212.78259464703,74910.40457580927,177044.31593918757,1.0
6.0,18,14.0,0,211838.259547208,88564.91378184383,194523.49409596363,0.0
7.0,18,2.0,0,30903.37235696124,13401.173115631873,29010.995753321706,0.0
8.0,18,11.0,0,172110.53254744658,79192.13763366715,165350.84156341312,0.0
9.0,18,9.0,1,140250.19879862625,69025.96644688434,139245.1223219249,1.0
10.0,18,11.0,1,169990.47571871066,69579.8053004911,154697.02371563716,1.0
11.0,18,7.0,0,105202.62177557942,48482.8707992144,101211.08748609672,0.0
12.0,18,15.0,1,221301.2777871414,128202.33888878848,238985.27077533977,1.0
13.0,18,11.0,1,176003.32314327787,93324.48472579122,181518.0224484548,1.0
14.0,18,5.0,1,77403.63222211444,38459.07416644559,77315.90263193019,1.0
15.0,18,9.0,1,138628.9859607259,58881.97543898331,128274.54153048276,1.0
16.0,18,14.0,1,210116.6581519376,117912.694548793,223131.72465963408,1.0
17.0,18,10.0,1,157024.04197082488,85843.29540253092,164459.44337583354,1.0
18.0,18,1.0,0,15183.11331485347,7303.618599501221,15073.548731096806,0.0
19.0,18,10.0,1,154432.42068487412,89036.02732174518,166408.7519359082,1.0
20.0,18,23.0,1,340375.8852086022,229703.94540820707,399993.8531632255,1.0
21.0,18,1.0,1,15209.464700093426,10032.67426048457,17686.890649778554,1.0
22.0,18,7.0,1,109377.53050125696,63123.87123139045,117823.5984586124,1.0
23.0,18,11.0,1,166517.84257841698,97067.53817730107,180422.1053374654,1.0
24.0,18,15.0,0,235394.6962677242,101120.70821304778,218906.94427848115,0.0
25.0,18,16.0,0,248592.83925769728,88791.27189119789,213235.75304908253,0.0
26.0,18,6.0,0,92436.1079503317,45626.546767333006,91977.18252914357,0.0
27.0,18,15.0,1,230724.0470846011,125412.09608842326,192676.62067108543,1.0
28.0,18,8.0,1,120839.88080004182,57591.45828061415,94457.33787381118,1.0
29.0,18,14.0,0,216108.182029536,102214.5162113688,210384.0867590418,0.0
30.0,18,5.0,1,73656.83004016403,43674.06286467409,64384.30260846888,1.0
31.0,18,12.0,1,182867.56201684903,79289.13529310162,136721.81384974314,1.0
32.0,18,7.0,1,107432.4356954007,54762.43733419748,108611.70314510034,1.0
33.0,18,13.0,0,197073.5895466766,87378.33293551362,185965.99535515055,0.0
34.0,18,7.0,1,105528.89916079184,47853.83114540534,100673.96959840086,1.0
35.0,18,7.0,0,110800.84593970906,66068.39169953855,121553.41670663482,0.0
36.0,18,4.0,0,60443.60034671455,28377.443743610227,58634.40600636266,0.0
37.0,18,10.0,1,153654.93110352347,77308.07398582023,123394.9168026358,1.0
38.0,18,12.0,1,181124.30289453096,84225.61935752908,139986.4965765647,1.0
39.0,18,2.0,0,31300.59946393755,20362.83469592392,36092.28141820607,0.0
40.0,18,13.0,0,201626.2169196265,65505.00712369489,166467.77479840454,0.0
41.0,18,11.0,1,167746.61612809944,59271.69596275733,114619.68140189705,1.0
42.0,18,9.0,0,134682.0543513259,72667.83271809286,140020.83963598625,0.0
43.0,18,11.0,1,171839.80832140098,67737.35932989532,153665.78348278877,1.0
44.0,18,1.0,0,14831.030445912756,6713.442626460693,14319.631359763702,0.0
45.0,18,20.0,0,302351.3891941389,186956.1620420434,338133.97521289584,0.0
46.0,18,14.0,0,213314.4774506844,119171.24105274324,225931.5491130188,0.0
47.0,18,2.0,0,30683.59303336572,15040.94737944106,30506.307849792636,0.0
48.0,18,3.0,1,47239.95346628263,22728.360639871,37240.105631021645,1.0
49.0,18,3.0,1,45851.78446164612,23549.643402652768,46619.15477748426,1.0
50.0,18,6.0,0,91687.06526854956,44158.81747468988,90087.83120985448,0.0
1.0,19,15.0,0,235710.93000344865,145690.8014812314,263622.10266642744,0.0
2.0,19,4.0,0,63180.27866925543,32657.78171212509,64377.25270655523,0.0
3.0,19,13.0,0,193088.55064911323,112674.29747075788,209245.1505707968,0.0
4.0,19,7.0,1,106758.77353702854,64001.521634408455,117543.97475644342,1.0
5.0,19,13.0,1,204683.2885883448,77192.92830277173,179561.3389863058,1.0
6.0,19,14.0,0,211945.7035516989,90971.15926744103,197002.5232580768,0.0
7.0,19,2.0,0,30935.638388516625,13019.704728356335,28639.41756088166,0.0
8.0,19,11.0,0,173317.33502066403,78296.42494622151,165068.5187532115,0.0
9.0,19,9.0,1,140271.54156888236,71336.98481218051,141559.1626864184,1.0
10.0,19,11.0,1,169146.25267934485,74052.86710327188,158740.66253898243,1.0
11.0,19,7.0,0,104913.67129177273,48894.95989251308,101480.87326018012,0.0
12.0,19,15.0,1,221796.50887935216,128415.37523712682,239456.6936527291,1.0
13.0,19,11.0,1,176767.47832261093,93366.2202904368,181947.28203156387,1.0
14.0,19,5.0,1,77344.94000200236,36242.49901824044,75091.33189816066,1.0
15.0,19,9.0,1,138394.71111052463,58639.68048120182,127937.51357906988,1.0
16.0,19,14.0,1,210092.42898139573,113888.9496083601,219079.9569461104,1.0
17.0,19,10.0,1,157741.29719193187,86418.4166942159,165401.12563622952,1.0
18.0,19,1.0,0,15207.12789893697,7486.495672367987,15263.65045350465,0.0
19.0,19,10.0,1,153813.10684514185,88587.63934332426,165642.0728240099,1.0
20.0,19,23.0,1,339956.0063785842,224175.81513449157,394258.5900115065,1.0
21.0,19,1.0,1,15200.611184899084,10067.718055371652,17721.984674998865,1.0
22.0,19,7.0,1,109554.5901806506,58580.988357065566,113358.4966497672,1.0
23.0,19,11.0,1,167101.1954127285,97202.48404901291,180835.13218010688,1.0
24.0,19,15.0,0,235633.9038845937,101011.68784535964,218909.40354798143,0.0
25.0,19,16.0,0,249494.8761408483,84992.08467521501,209863.21062676224,0.0
26.0,19,6.0,0,92562.47726837246,45234.53025805033,91652.08619113354,0.0
27.0,19,15.0,1,230671.15654509477,129312.2365376638,195790.885671589,1.0
28.0,19,8.0,1,120918.1946033393,55659.365233453376,92937.21619087028,1.0
29.0,19,14.0,0,216095.83477678712,99589.93540347436,207762.36621386613,0.0
30.0,19,5.0,1,73718.29336751263,41001.308273211485,62277.31886467629,1.0
31.0,19,12.0,1,183808.06087483105,84822.58217969388,141522.41534824335,1.0
32.0,19,7.0,1,107442.3229848731,53682.25751816661,107523.88193330956,1.0
33.0,19,13.0,0,197280.740591886,86644.4117303857,185324.2238922803,0.0
34.0,19,7.0,1,105391.41021241226,46948.43032013619,99715.62529863608,1.0
35.0,19,7.0,0,111052.66645554846,69332.88859415326,124936.10674414923,0.0
36.0,19,4.0,0,60556.55479754148,28215.049109330725,58499.74403286291,0.0
37.0,19,10.0,1,153372.52379948116,79918.12817903142,125356.87580844577,1.0
38.0,19,12.0,1,181232.90282115023,84275.08394833737,140040.8986106008,1.0
39.0,19,2.0,0,31470.046403888824,20562.710156830068,36363.05713066158,0.0
40.0,19,13.0,0,201671.0606428581,65888.76651432729,166879.96268331938,0.0
41.0,19,11.0,1,167709.30967470905,66134.18771518645,120100.34155741656,1.0
42.0,19,9.0,0,134450.00915503406,73125.42910980755,140350.30853263676,0.0
43.0,19,11.0,1,171861.51190075767,72885.15718934611,158833.05633850122,1.0
44.0,19,1.0,0,14863.470826170847,6767.815364997872,14403.668656956686,0.0
45.0,19,20.0,0,303306.8635526056,191775.7083666036,343428.87970819126,0.0
46.0,19,14.0,0,214395.0779671284,117332.57372691654,224632.8850845989,0.0
47.0,19,2.0,0,30845.46973300491,14841.58878214012,30403.89285579497,0.0
48.0,19,3.0,1,47203.76286569489,21826.09793962613,36506.09603279548,1.0
49.0,19,3.0,1,45865.2314936101,23519.268053444728,46582.91991008987,1.0
50.0,19,6.0,0,91493.33506034578,44256.05095841576,90083.93159939894,0.0
1.0,20,15.0,0,236922.63876997604,137487.97429530002,256028.31695562293,0.0
2.0,20,4.0,0,63091.38962483254,33475.01296939071,65145.167505050056,0.0
3.0,20,13.0,0,193548.47997874176,114789.778328527,211594.01229428023,0.0
4.0,20,7.0,1,106785.03965669563,65010.08365146301,118585.1169547622,1.0
5.0,20,13.0,1,204372.53081445183,69277.8252985277,171491.20022472244,1.0
6.0,20,14.0,0,211943.45440704827,90465.10059809702,196492.2070636742,0.0
7.0,20,2.0,0,30956.87650103479,14556.432728291396,30191.60509317147,0.0
8.0,20,11.0,0,172562.60863854658,80574.18825868709,166954.13174300035,0.0
9.0,20,9.0,1,140315.10276467688,71532.09699338101,141784.82875745514,1.0
10.0,20,11.0,1,169987.71910521714,73746.86749864477,158850.35095561424,1.0
11.0,20,7.0,0,105199.728371936,49669.85693320577,102387.66042146232,0.0
12.0,20,15.0,1,221205.9357552964,124307.54615858372,235050.5419665108,1.0
13.0,20,11.0,1,176525.51922906013,96356.0729308229,184818.0438915393,1.0
14.0,20,5.0,1,77583.89296222481,39055.66642176556,78011.9361594114,1.0
15.0,20,9.0,1,138171.8276484099,61192.58802094206,130359.27246222516,1.0
16.0,20,14.0,1,210315.38361644145,113636.74687188194,218938.904656978,1.0
17.0,20,10.0,1,157734.71796770647,84001.87417824678,162971.9356662404,1.0
18.0,20,1.0,0,15224.040263979838,7257.552036669561,15026.397229005346,0.0
19.0,20,10.0,1,154177.9183413719,93033.79272373368,170276.41212534433,1.0
20.0,20,23.0,1,340757.95726210094,225387.83353431305,395850.2247463998,1.0
21.0,20,1.0,1,15230.505510589295,10621.910646719443,18276.27831438669,1.0
22.0,20,7.0,1,109454.2931273449,58898.9657656631,113622.33143318308,1.0
23.0,20,11.0,1,166801.66645678476,100360.07919582442,183849.65880271528,1.0
24.0,20,15.0,0,236064.21637875203,97417.330959836,215551.7172697989,0.0
25.0,20,16.0,0,249210.47803150964,91859.41715715926,216600.35894037975,0.0
26.0,20,6.0,0,92730.74917354478,43895.76160643102,90391.9851418864,0.0
27.0,20,15.0,1,230899.4849678413,129900.2382702442,196346.04378960017,1.0
28.0,20,8.0,1,120893.5276228578,57887.36578176998,94690.23470191982,1.0
29.0,20,14.0,0,216877.5959859218,97125.26284999643,205673.6908079373,0.0
30.0,20,5.0,1,73832.20245144323,42889.43856046957,63831.25065612749,1.0
31.0,20,12.0,1,185067.17612874365,82692.54738422444,140345.71096769534,1.0
32.0,20,7.0,1,107660.5179688587,53249.46857206857,107207.63305342491,1.0
33.0,20,13.0,0,197500.35824674123,86822.28107424123,185611.8712966843,0.0
34.0,20,7.0,1,105468.00516540032,47110.49745228338,99907.44580132051,1.0
35.0,20,7.0,0,111026.40580566594,65728.34189213692,121324.3968295362,0.0
36.0,20,4.0,0,60488.34217255233,27837.148158800253,58105.2767236053,0.0
37.0,20,10.0,1,153459.29589944056,80194.9614990597,125610.08105824846,1.0
38.0,20,12.0,1,180613.0540564589,84638.55550131344,140100.5041157266,1.0
39.0,20,2.0,0,31406.88688386049,20476.1006770808,36243.99767561881,0.0
40.0,20,13.0,0,202168.7712120188,69574.7586693145,170803.3282509848,0.0
41.0,20,11.0,1,167899.05555611922,66543.08769090875,120500.62328355778,1.0
42.0,20,9.0,0,134633.2915605572,75075.40761163805,142370.91197780188,0.0
43.0,20,11.0,1,172027.55778895933,66774.83428460812,152823.09968282838,1.0
44.0,20,1.0,0,14896.484353513304,6728.134815156607,14375.371371590029,0.0
45.0,20,20.0,0,303769.6761434875,194814.96103780088,346711.7163981192,0.0
46.0,20,14.0,0,214387.10005890435,115705.6550863362,223000.6281541172,0.0
47.0,20,2.0,0,30880.329717910685,15793.86646435126,31348.76305862796,0.0
48.0,20,3.0,1,47128.88221360207,23474.493685413905,37803.096176364925,1.0
49.0,20,3.0,1,45797.9261564546,23060.658803466347,46091.09006483164,1.0
50.0,20,6.0,0,91505.662925015,46763.51230769233,92579.3731353592,0.0
1.0,21,15.0,0,236684.20957295084,144010.82310006538,262420.4609714881,0.0
2.0,21,4.0,0,63499.98812544352,31538.435176158506,63435.46762988225,0.0
3.0,21,13.0,0,193774.6212163369,116854.54758294144,213787.2980839994,0.0
4.0,21,7.0,1,106889.55577754896,65314.976160999744,118935.63379563452,1.0
5.0,21,13.0,1,204462.5693738301,71096.00723118066,173365.49552909075,1.0
6.0,21,14.0,0,211741.166721296,92966.80117861649,198895.02855866653,0.0
7.0,21,2.0,0,31030.970531552925,13278.196807041557,28954.4477877265,0.0
8.0,21,11.0,0,172962.12792684304,76676.10232158977,163267.88291398648,0.0
9.0,21,9.0,1,140239.21284513394,67869.50769572145,138084.125417557,1.0
10.0,21,11.0,1,169882.65645788022,74807.66898947788,159868.0312936107,1.0
11.0,21,7.0,0,105554.57227646971,51453.15089716113,104372.70070449634,0.0
12.0,21,15.0,1,221069.4297297895,127415.56146800327,238099.28746784423,1.0
13.0,21,11.0,1,177013.10049119935,93939.51039343343,182651.4101707101,1.0
14.0,21,5.0,1,77788.98017167796,36297.29766606207,75341.92194501428,1.0
15.0,21,9.0,1,138528.01609881668,58133.27802985747,127477.91191021506,1.0
16.0,21,14.0,1,210471.14560867893,116006.62600755483,221390.02606983413,1.0
17.0,21,10.0,1,157995.03925924178,87561.46609748711,166667.39286428038,1.0
18.0,21,1.0,0,15257.942283668695,7172.885184537987,14961.556543158473,0.0
19.0,21,10.0,1,154175.49231731362,89159.25645131664,166405.5294271904,1.0
20.0,21,23.0,1,339637.8708409976,228175.0935240072,398102.9534524991,1.0
21.0,21,1.0,1,15207.84435428166,10594.910435696916,18233.776594790248,1.0
22.0,21,7.0,1,109646.41358016209,62324.41218966051,117139.31073609387,1.0
23.0,21,11.0,1,166866.17935931226,98009.6346633424,181538.6176333917,1.0
24.0,21,15.0,0,236841.69541292184,100131.7880797617,218641.1191264159,0.0
25.0,21,16.0,0,248853.20466911123,91449.6553169297,216018.02787389376,0.0
26.0,21,6.0,0,92912.20929926398,47466.12828048115,94054.52102104576,0.0
27.0,21,15.0,1,231294.2967958868,126213.6463012144,193555.53191629009,1.0
28.0,21,8.0,1,120974.55416627432,58827.4918788546,95489.57176780826,1.0
29.0,21,14.0,0,216178.67087597089,97493.83656920132,205680.51907046663,0.0
30.0,21,5.0,1,73828.44626163364,42101.31835741214,63189.5111117961,1.0
31.0,21,12.0,1,184307.07226449656,81345.83237212735,138953.71829215437,1.0
32.0,21,7.0,1,107697.40418224904,52531.50590155038,106521.29502981108,1.0
33.0,21,13.0,0,196800.3812023952,86847.13102705029,185282.6958804385,0.0
34.0,21,7.0,1,105470.8152352542,49781.17461722127,102578.65728602109,1.0
35.0,21,7.0,0,111425.7746586505,66196.18732961162,121986.29892113546,0.0
36.0,21,4.0,0,60805.8607304328,27902.77159034698,58319.07129477314,0.0
37.0,21,10.0,1,154144.8538020062,81822.1081685861,127208.01509524348,1.0
38.0,21,12.0,1,181734.01003411305,82116.37877050546,138530.07811172714,1.0
39.0,21,2.0,0,31438.755197017057,21073.921418217717,36881.425430005926,0.0
40.0,21,13.0,0,201766.3480343514,62841.646403174826,163880.84628068854,0.0
41.0,21,11.0,1,168146.27702934772,63357.45130861182,118053.39792594164,1.0
42.0,21,9.0,0,134409.44234650367,69454.6246295448,136660.30257446144,0.0
43.0,21,11.0,1,172173.48700901808,70280.60642213716,156383.51875729693,1.0
44.0,21,1.0,0,14859.34104275894,6901.877419117124,14532.999887340256,0.0
45.0,21,20.0,0,303842.90624391905,196114.6618757598,348022.71503113303,0.0
46.0,21,14.0,0,214301.49132481773,122347.80210926896,229600.3633689986,0.0
47.0,21,2.0,0,30842.15858277946,15379.608733708536,30943.494106826656,0.0
48.0,21,3.0,1,47441.75270955363,22156.5146121016,36877.39446336855,1.0
49.0,21,3.0,1,45885.13009832191,23798.18502735739,46869.388316108605,1.0
50.0,21,6.0,0,91574.71090263515,44364.997685460745,90218.69059202532,0.0
1.0,22,15.0,0,236468.88578439687,139557.95168316975,257854.12443244416,0.0
2.0,22,4.0,0,63339.34998100749,33740.53476582917,65534.71309379874,0.0
3.0,22,13.0,0,194264.61239608805,119698.70128668495,216854.23558046672,0.0
4.0,22,7.0,1,106976.26056020216,65462.31893820263,119116.9653365192,1.0
5.0,22,13.0,1,205339.1603451243,72567.66041669981,175270.52572299578,1.0
6.0,22,14.0,0,211936.68173928015,94418.97744176138,200456.03849659205,0.0
7.0,22,2.0,0,30995.389628066918,14148.558972203142,29811.723727467477,0.0
8.0,22,11.0,0,173503.357379046,79222.28127102256,166085.97231032353,0.0
9.0,22,9.0,1,140326.80565442157,70751.79806796685,141003.87967987254,1.0
10.0,22,11.0,1,170224.7523944691,77222.54329908568,162460.29541073582,1.0
11.0,22,7.0,0,105657.14503694265,47365.18153964525,100345.9460911437,0.0
12.0,22,15.0,1,221764.6887517528,127428.80394063794,238456.001334224,1.0
13.0,22,11.0,1,176855.4526036372,95771.25884907036,184414.87277916964,1.0
14.0,22,5.0,1,77717.58248884502,38507.566917617056,77543.1246308928,1.0
15.0,22,9.0,1,138897.96506117476,60088.75052319092,129650.70184083084,1.0
16.0,22,14.0,1,210447.79594377533,116252.28867682217,221640.90961728824,1.0
17.0,22,10.0,1,157180.32617266834,89325.82376406204,168029.77800616046,1.0
18.0,22,1.0,0,15265.528925426504,7303.274812411875,15093.436637378903,0.0
19.0,22,10.0,1,153964.07492828785,90346.23531788524,167486.1159342414,1.0
20.0,22,23.0,1,341273.90821344143,227407.11981959885,398141.6299772122,1.0
21.0,22,1.0,1,15209.61291828738,10587.14956540998,18225.18405139254,1.0
22.0,22,7.0,1,109795.61223966908,62370.08434240621,117267.44101766944,1.0
23.0,22,11.0,1,166986.56620317893,101219.97162464302,184828.01075298447,1.0
24.0,22,15.0,0,236408.3485929996,99261.15011745648,217566.8754906015,0.0
25.0,22,16.0,0,250171.6383331213,86624.92445573688,211823.1299031748,0.0
26.0,22,6.0,0,92783.2947010681,46108.37981524236,92616.98079036652,0.0
27.0,22,15.0,1,231190.01803992825,124448.75428986811,192109.63198834576,1.0
28.0,22,8.0,1,121977.19223206311,57679.23497537631,94960.433233534,1.0
29.0,22,14.0,0,217404.1723026542,97484.25738817168,206305.371542208,0.0
30.0,22,5.0,1,74232.75666188523,42439.72545827522,63643.05328847144,1.0
31.0,22,12.0,1,184236.15467642844,81736.59040089168,139235.05368658478,1.0
32.0,22,7.0,1,108140.4749847833,53106.09328236832,107330.76309457015,1.0
33.0,22,13.0,0,198151.65527047595,81800.66424213916,180905.5653886899,0.0
34.0,22,7.0,1,105813.90488563612,48199.36526781184,101154.25116821706,1.0
35.0,22,7.0,0,111169.53010330677,66929.8500262335,122599.780720712,0.0
36.0,22,4.0,0,60636.41269654789,28645.707210324013,58997.95619388311,0.0
37.0,22,10.0,1,154221.64365805892,86482.19878793381,130963.9451118902,1.0
38.0,22,12.0,1,181492.49291131255,82774.3732873078,138957.07033748532,1.0
39.0,22,2.0,0,31420.62397311995,20052.52894419713,35850.48523240407,0.0
40.0,22,13.0,0,202100.42296420288,72022.48416977655,173228.17633195617,0.0
41.0,22,11.0,1,168504.07761877315,68541.8989506335,122344.37816892752,1.0
42.0,22,9.0,0,134891.0317324257,75774.90301551776,143209.3148191661,0.0
43.0,22,11.0,1,172543.42758267038,71533.42896893072,157832.51312388212,1.0
44.0,22,1.0,0,14894.109228226273,6925.662416162912,14564.8205662744,0.0
45.0,22,20.0,0,303787.46905533184,195911.09486097604,347805.30117813015,0.0
46.0,22,14.0,0,213752.5670089703,122018.2799753508,228991.51824503863,0.0
47.0,22,2.0,0,30854.94358274604,15396.664906859143,30950.58319122812,0.0
48.0,22,3.0,1,47369.99228016585,22213.86946118893,36891.538947892856,1.0
49.0,22,3.0,1,46144.1247854673,23275.6131014159,46472.03935414839,1.0
50.0,22,6.0,0,92293.02565732387,44531.04810145318,90742.775326083,0.0
1.0,23,15.0,0,237427.6786494103,145642.88953778727,264424.3949632156,0.0
2.0,23,4.0,0,63477.87362037903,35711.05890783498,67586.05276899564,0.0
3.0,23,13.0,0,193508.31802512635,122320.36616923638,219106.49788408005,0.0
4.0,23,7.0,1,107483.17675739776,63405.78053212487,117299.85727250848,1.0
5.0,23,13.0,1,204851.2695505249,71315.84208890103,173767.88837836758,1.0
6.0,23,14.0,0,211546.77572004969,93207.99872882148,199034.81435025344,0.0
7.0,23,2.0,0,31109.091157866427,12977.672256772004,28692.83772080665,0.0
8.0,23,11.0,0,173075.80827940008,78728.94564742752,165350.30164153452,0.0
9.0,23,9.0,1,140445.4331758991,67870.52706242831,138201.6369068721,1.0
10.0,23,11.0,1,170237.49157515878,69937.920594954,155179.5645790759,1.0
11.0,23,7.0,0,105797.08451978063,47384.154081827095,100411.3128868402,0.0
12.0,23,15.0,1,220669.0190850712,128137.81207296511,238610.5031786881,1.0
13.0,23,11.0,1,177058.53303585158,93871.44139767592,182604.44358200429,1.0
14.0,23,5.0,1,77598.25365250923,39592.06114872705,78547.0546479747,1.0
15.0,23,9.0,1,139373.09633428082,56245.38728149183,126035.36383027364,1.0
16.0,23,14.0,1,211093.2314605552,121087.02133148912,226778.7161351511,1.0
17.0,23,10.0,1,158120.0402599047,84029.684042103,163206.15983427208,1.0
18.0,23,1.0,0,15367.078180079036,6991.798127387051,14833.126566173843,0.0
19.0,23,10.0,1,154507.37804781544,89444.41363035708,166851.93446698636,1.0
20.0,23,23.0,1,340949.297755213,226706.50978977085,397273.7132409124,1.0
21.0,23,1.0,1,15177.031914469091,10703.543986226185,18328.80795438848,1.0
22.0,23,7.0,1,109745.402503142,63432.95134248233,118306.60160341274,1.0
23.0,23,11.0,1,167236.38136431773,102096.74407827583,185828.98158507448,1.0
24.0,23,15.0,0,236724.79144247805,100426.13948417857,218892.89650474212,0.0
25.0,23,16.0,0,250144.3792846683,87919.29261904256,213124.54572180804,0.0
26.0,23,6.0,0,92738.85245103126,47645.75293035593,94159.3687133207,0.0
27.0,23,15.0,1,231667.3184154689,130258.66173509147,196939.20037284715,1.0
28.0,23,8.0,1,121795.96314313894,58984.72964344126,95931.46273600408,1.0
29.0,23,14.0,0,217219.92756694768,103670.12715214072,212402.2402523479,0.0
30.0,23,5.0,1,74157.99181415974,44486.68576351802,65247.76865574595,1.0
31.0,23,12.0,1,184951.880326177,79344.2663345061,137618.86065571397,1.0
32.0,23,7.0,1,108043.94833986105,52342.74658524788,106517.09578923328,1.0
33.0,23,13.0,0,197171.21143465384,85672.62341158975,184306.88612150177,0.0
34.0,23,7.0,1,105742.17436424716,47849.12584191512,100772.74442232036,1.0
35.0,23,7.0,0,111336.97436349052,68789.31458845355,124538.03537891082,0.0
36.0,23,4.0,0,60795.79821383458,29102.81040271085,59533.61589360658,0.0
37.0,23,10.0,1,154068.19221164126,86629.07158026697,131006.361786221,1.0
38.0,23,12.0,1,182226.6477001972,86633.87586133496,142353.9237371967,1.0
39.0,23,2.0,0,31577.44842552629,20052.61465975252,35901.39745766661,0.0
40.0,23,13.0,0,202897.20017333655,66160.39621483206,167763.25308472107,0.0
41.0,23,11.0,1,168293.1747037945,69577.63032972584,123098.25348507531,1.0
42.0,23,9.0,0,134962.08677760826,73747.95585583268,141232.8595665036,0.0
43.0,23,11.0,1,172363.65931389533,70059.16412594222,156255.6620771265,1.0
44.0,23,1.0,0,14871.138840069008,7210.768564392936,14845.560733551169,0.0
45.0,23,20.0,0,304143.1337904209,194464.276821154,346550.65509191586,0.0
46.0,23,14.0,0,214148.50550706155,120933.7778382878,228115.8990184948,0.0
47.0,23,2.0,0,30940.84460789109,15698.478914910856,31284.42352739246,0.0
48.0,23,3.0,1,47559.40125020166,23404.599709232625,37915.77280055561,1.0
49.0,23,3.0,1,46026.61926133371,25192.1115510774,48331.267987766645,1.0
50.0,23,6.0,0,91798.92479407202,44561.1541021701,90536.06756353364,0.0
1.0,24,15.0,0,236743.686753521,143973.6943529111,262402.54442963446,0.0
2.0,24,4.0,0,63363.22517373635,34460.25861383144,66276.71836113695,0.0
3.0,24,13.0,0,193532.08568704504,118534.69480985632,215331.24280736464,0.0
4.0,24,7.0,1,107272.48337403112,67843.74510896104,121644.67410349388,1.0
5.0,24,13.0,1,204801.49038320765,73955.9518620871,176373.86413748658,1.0
6.0,24,14.0,0,211852.8122355178,94765.64059870529,200758.49644693756,0.0
7.0,24,2.0,0,31072.50690368818,13169.823114725345,28850.416173271395,0.0
8.0,24,11.0,0,173372.02420732303,75895.28682463852,162683.12620358073,0.0
9.0,24,9.0,1,140228.68156569754,72149.25283029779,142359.66692917328,1.0
10.0,24,11.0,1,170583.53099828796,73453.72629423933,158874.85901081332,1.0
11.0,24,7.0,0,106050.58111142796,48209.76905802803,101389.05522675368,0.0
12.0,24,15.0,1,222223.73131609903,128468.6953143248,239712.86583834628,1.0
13.0,24,11.0,1,177348.5734236581,97131.29771121668,185983.0413469475,1.0
14.0,24,5.0,1,77762.95569436382,37762.28582762201,76793.94531430658,1.0
15.0,24,9.0,1,139314.3562368721,60336.126456966726,130100.49459154412,1.0
16.0,24,14.0,1,211339.22842801383,118254.6955851074,224077.49062941776,1.0
17.0,24,10.0,1,157776.35892339732,84461.41240847117,163463.77636486205,1.0
18.0,24,1.0,0,15203.901508029998,7212.434129770989,14984.08849997257,0.0
19.0,24,10.0,1,154621.04379940988,88706.10719465089,166179.08604447654,1.0
20.0,24,23.0,1,341438.72849370487,228937.7824264781,399759.7312729093,1.0
21.0,24,1.0,1,15240.93652443814,10401.694848438254,18047.4161358748,1.0
22.0,24,7.0,1,109908.559671264,58826.84742799643,113784.506300418,1.0
23.0,24,11.0,1,167365.98889886183,98189.9028360914,181981.62707639407,1.0
24.0,24,15.0,0,236857.08266713345,99153.31138751486,217689.65527453963,0.0
25.0,24,16.0,0,249185.2497345806,98978.77880089347,223716.10662006095,0.0
26.0,24,6.0,0,92974.79761199602,46335.34292394114,92943.49018809106,0.0
27.0,24,15.0,1,231233.8503721889,132441.8366562826,198511.31721193076,1.0
28.0,24,8.0,1,121414.61834650605,57853.451806903046,94882.7698636301,1.0
29.0,24,14.0,0,216495.1320454013,105651.9414603094,214004.86520902129,0.0
30.0,24,5.0,1,74023.69545522005,44161.77522918183,64935.17669348174,1.0
31.0,24,12.0,1,184985.5803784421,80718.12872283507,138694.47564353494,1.0
32.0,24,7.0,1,107913.5866464835,52759.29957795566,106849.6422241481,1.0
33.0,24,13.0,0,198240.50003433085,87040.0719211485,186205.49032198548,0.0
34.0,24,7.0,1,105945.1191788141,50333.10630792296,103361.58315109006,1.0
35.0,24,7.0,0,111299.67374854714,66198.1256742032,121928.79946010804,0.0
36.0,24,4.0,0,60851.41594515203,27102.09701455148,57575.80648454579,0.0
37.0,24,10.0,1,153699.00531333082,82870.28012499282,127861.48983996431,1.0
38.0,24,12.0,1,181683.92796119972,84756.28704350886,140614.98748888672,1.0
39.0,24,2.0,0,31498.97992408088,20071.28655808244,35895.04940922104,0.0
40.0,24,13.0,0,202414.4283873956,65775.34676262818,167153.65186532564,0.0
41.0,24,11.0,1,168060.11379023557,64195.85479276511,118702.28512896354,1.0
42.0,24,9.0,0,134997.98318566702,74080.40086627062,141575.26261359153,0.0
43.0,24,11.0,1,172338.4215402471,71893.13527013494,158103.05212704305,1.0
44.0,24,1.0,0,14896.880458380654,6922.697743419775,14559.06395874951,0.0
45.0,24,20.0,0,303482.1481825468,190924.7341023151,342671.48587668606,0.0
46.0,24,14.0,0,213206.6605377081,124982.44387256888,231687.35484031463,0.0
47.0,24,2.0,0,30845.11605504474,15170.793076280585,30717.35753479047,0.0
48.0,24,3.0,1,47301.34479687307,22698.08091303922,37255.46105222809,1.0
49.0,24,3.0,1,45931.54939703504,23839.182573857976,46941.962611391245,1.0
50.0,24,6.0,0,91933.408251718,45378.84846364106,91408.8244751614,0.0
